,Date,Group,Stage,TeamID,TeamName,TeamAbbr,Formation,IdMatch,GameNum,StatsId,MatchTime,Assists,AttemptAtGoal,AttemptAtGoalAgainst,AttemptAtGoalAgainstOnTarget,AttemptAtGoalBlocked,AttemptAtGoalFromBallProgression,AttemptAtGoalFromCorner,AttemptAtGoalFromCross,AttemptAtGoalFromFreeKicks,AttemptAtGoalFromOther,AttemptAtGoalFromPass,AttemptAtGoalFromPenalty,AttemptAtGoalFromRebound,AttemptAtGoalInsideThePenaltyArea,AttemptAtGoalInsideThePenaltyAreaOnTarget,AttemptAtGoalOffTarget,AttemptAtGoalOnTarget,AttemptAtGoalOutsideThePenaltyArea,AttemptAtGoalOutsideThePenaltyAreaOnTarget,AttemptedBallProgressions,AttemptedSwitchesOfPlay,AvgSpeed,BallRecoveryTime,CleanSheets,CompletedBallProgressions,CompletedSwitchesOfPlay,Corners,Crosses,CrossesCompleted,DefensivePressuresApplied,DirectDefensivePressuresApplied,DirectFreeKicks,DirectRedCards,DistanceHighSpeedRunning,DistanceHighSpeedSprinting,DistanceJogging,DistanceLowSpeedSprinting,DistanceWalking,DistributionsCompletedUnderPressure,DistributionsUnderPressure,FinalThirdEntriesReceptionCentralChannel,FinalThirdEntriesReceptionInsideLeftChannel,FinalThirdEntriesReceptionInsideRightChannel,FinalThirdEntriesReceptionLeftChannel,FinalThirdEntriesReceptionRightChannel,FinalThirdPitchControl,ForcedTurnovers,FoulsAgainst,FoulsFor,FreeKicks,GoalkeeperDefensiveActionsInsidePenaltyArea,GoalkeeperDefensiveActionsOutsidePenaltyArea,GoalkeeperSavePercentage,GoalkeeperSaves,GoalkeeperSavesOnTarget,GoalKicks,Goals,GoalsConceded,GoalsConcededFromAttemptAtGoalAgainst,GoalsFromDirectFreeKicks,GoalsInsideThePenaltyArea,GoalsOutsideThePenaltyArea,HeadedAttemptAtGoal,IndirectFreeKicks,IndirectRedCards,LinebreaksAttempted,LinebreaksAttemptedAllLines,LinebreaksAttemptedAttackingAndMidfieldLine,LinebreaksAttemptedAttackingLine,LinebreaksAttemptedAttackingLineCompleted,LinebreaksAttemptedAttackingLineCompletedOnly,LinebreaksAttemptedAttackingLineOnly,LinebreaksAttemptedCompleted,LinebreaksAttemptedDefensiveLine,LinebreaksAttemptedDefensiveLineCompleted,LinebreaksAttemptedDefensiveLineCompletedOnly,LinebreaksAttemptedDefensiveLineOnly,LinebreaksAttemptedMidfieldAndDefensiveLine,LinebreaksAttemptedMidfieldLine,LinebreaksAttemptedMidfieldLineCompleted,LinebreaksAttemptedMidfieldLineCompletedOnly,LinebreaksAttemptedMidfieldLineOnly,LinebreaksAttemptedUnderPressure,LinebreaksCompletedAllLines,LinebreaksCompletedAttackingAndMidfieldLine,LinebreaksCompletedMidfieldAndDefensiveLine,LinebreaksCompletedUnderPressure,MatchesPlayed,NumberOfInvolvements,NumberOfPossessionSequences,NumberOfShotEndingSequences,OffersToReceiveInBehind,OffersToReceiveInBetween,OffersToReceiveInFront,OffersToReceiveInside,OffersToReceiveOutside,OffersToReceiveTotal,Offsides,OwnGoals,Passes,PassesCompleted,Penalties,PenaltiesScored,PhaseAggregateAttackingTransition,PhaseAggregateBuildUpOpposed,PhaseAggregateBuildUpUnopposed,PhaseAggregateCounterattack,PhaseAggregateCounterPress,PhaseAggregateDefensiveTransition,PhaseAggregateFinalThird,PhaseAggregateHighBlock,PhaseAggregateHighPress,PhaseAggregateLongBall,PhaseAggregateLowBlock,PhaseAggregateLowPress,PhaseAggregateMidBlock,PhaseAggregateMidPress,PhaseAggregateProgression,PhaseAggregateRecovery,PhaseAggregateSetPieces,PitchControl,Possession,ReceivedOffersToReceive,ReceptionsBetweenMidfieldAndDefensiveLine,ReceptionsInBehind,ReceptionsUnderDirectPressure,ReceptionsUnderIndirectPressure,ReceptionsUnderNoPressure,ReceptionsUnderPressure,RedCards,SpeedRuns,Sprints,SubstitutionsIn,SubstitutionsOut,TakeOnsCompleted,Threat,ThrowIns,TimePlayed,TopSpeed,TotalDistance,XG,YellowCards
0,2026-06-11T19:00:00Z,Group A,First Stage,43911,Mexico,MEX,4-1-2-3,400021443,1,151600,98',2.0,16.0,3.0,2.0,3.0,1.0,1.0,2.0,2.0,3.0,6.0,0.0,0.0,9.0,3.0,8.0,4.0,7.0,1.0,23.0,9.0,5.830074310302734,14.377666473388672,1.0,15.0,8.0,3.0,13.0,3.0,170.0,26.0,11.0,1.0,14067.6103515625,1761.9599609375,43040.2109375,5271.1298828125,43169.53125,240.0,307.0,7.0,7.0,7.0,16.0,12.0,62.0,31.0,12.0,11.0,12.0,5.0,4.0,1.0,2.0,2.0,5.0,2.0,0.0,0.0,0.0,2.0,0.0,3.0,1.0,0.0,170.0,9.0,18.0,65.0,50.0,35.0,38.0,121.0,19.0,10.0,5.0,8.0,2.0,86.0,61.0,44.0,57.0,93.0,3.0,12.0,2.0,63.0,1.0,0.0,0.0,0.0,97.0,179.0,148.0,213.0,211.0,424.0,1.0,0.0,547.0,495.0,0.0,0.0,9.591907262802124,12.692920863628387,47.00106084346771,0.5420137196779251,8.179724961519241,12.499812245368958,10.7565738260746,6.721639633178711,8.697353303432465,2.6406582444906235,10.975518077611923,0.0,25.175678730010986,3.265269100666046,15.907235443592072,4.795582219958305,4.990404844284058,52.0,0.5709360241889954,166.0,116.0,11.0,12.0,151.0,401.0,163.0,1.0,1200.0,422.0,5.0,5.0,7.0,65.0,21.0,101.00468333333333,33.30720520019531,107310.4375,1.7793734073638916,1.0
1,2026-06-11T19:00:00Z,Group A,First Stage,43883,South Africa,RSA,5-3-2,400021443,1,151600,98',0.0,3.0,16.0,4.0,0.0,0.0,0.0,0.0,0.0,1.0,2.0,0.0,0.0,1.0,0.0,1.0,2.0,2.0,2.0,8.0,7.0,5.544981479644775,22.447980880737305,0.0,3.0,6.0,1.0,8.0,0.0,306.0,45.0,11.0,2.0,12432.0,1773.6700439453125,37716.2109375,5081.4697265625,40056.828125,109.0,154.0,3.0,4.0,2.0,6.0,11.0,34.0,32.0,11.0,10.0,13.0,23.0,21.0,0.5,5.0,2.0,8.0,0.0,2.0,2.0,0.0,0.0,0.0,1.0,2.0,0.0,130.0,7.0,20.0,55.0,38.0,27.0,28.0,70.0,12.0,3.0,0.0,4.0,1.0,63.0,29.0,17.0,35.0,53.0,2.0,9.0,1.0,30.0,1.0,0.0,0.0,0.0,60.0,85.0,102.0,124.0,123.0,247.0,1.0,0.0,351.0,290.0,0.0,0.0,12.499812245368958,13.352994620800018,42.78857111930847,1.6642339527606964,6.73179030418396,9.591907262802124,6.863084435462952,4.86791618168354,5.863139033317566,6.128774955868721,14.394496381282806,0.9870570152997971,29.834231734275818,3.026498481631279,14.278405904769897,1.7179079353809357,4.992702230811119,47.0,0.3609120845794678,94.0,38.0,5.0,10.0,117.0,226.0,127.0,2.0,1121.0,435.0,4.0,4.0,0.0,35.0,11.0,101.00468333333333,34.37017059326172,97060.1796875,0.10333644598722458,2.0
2,2026-06-12T02:00:00Z,Group A,First Stage,43822,Korea Republic,KOR,3-4-3,400021441,2,151608,97',2.0,15.0,7.0,4.0,2.0,0.0,0.0,5.0,0.0,0.0,9.0,0.0,1.0,10.0,5.0,6.0,6.0,5.0,1.0,27.0,6.0,6.1260480880737305,12.778725624084473,0.0,21.0,5.0,4.0,17.0,6.0,147.0,22.0,16.0,0.0,14834.0400390625,1977.830078125,47265.33203125,5439.4599609375,42288.69921875,245.0,319.0,8.0,8.0,14.0,13.0,15.0,55.0,30.0,9.0,16.0,18.0,13.0,8.0,0.75,3.0,3.0,4.0,2.0,1.0,1.0,0.0,2.0,0.0,2.0,2.0,0.0,161.0,11.0,15.0,56.0,38.0,28.0,30.0,106.0,20.0,10.0,4.0,7.0,2.0,85.0,58.0,46.0,57.0,96.0,4.0,6.0,2.0,55.0,1.0,0.0,0.0,0.0,89.0,123.0,174.0,191.0,195.0,386.0,2.0,0.0,542.0,483.0,0.0,0.0,10.24179607629776,19.294041395187378,37.89291977882385,1.8361398950219154,11.33035346865654,16.77529513835907,13.772667944431305,5.704997852444649,3.683055564761162,4.675086215138435,19.561153650283813,0.476229190826416,12.500609457492828,3.2539617270231247,12.33268603682518,4.9378301948308945,7.613342255353928,55.0,0.5578261613845825,186.0,96.0,14.0,26.0,194.0,332.0,220.0,0.0,1257.0,434.0,5.0,5.0,11.0,55.0,26.0,99.60738333333333,35.170654296875,111805.359375,1.7696956396102905,1.0
3,2026-06-12T02:00:00Z,Group A,First Stage,43995,Czechia,CZE,5-2-3,400021441,2,151608,97',1.0,7.0,15.0,6.0,0.0,0.0,1.0,1.0,0.0,3.0,2.0,0.0,0.0,5.0,3.0,2.0,4.0,2.0,1.0,10.0,4.0,6.447492599487305,18.423662185668945,0.0,7.0,2.0,5.0,15.0,4.0,301.0,54.0,9.0,0.0,16895.48046875,1691.469970703125,51301.5703125,6020.41015625,41719.48046875,114.0,178.0,8.0,5.0,7.0,7.0,11.0,41.0,40.0,16.0,9.0,11.0,21.0,18.0,0.6666666865348816,5.0,4.0,8.0,1.0,2.0,2.0,0.0,1.0,0.0,2.0,2.0,0.0,150.0,7.0,27.0,59.0,26.0,20.0,25.0,61.0,13.0,5.0,3.0,5.0,1.0,78.0,30.0,23.0,43.0,74.0,1.0,5.0,1.0,29.0,1.0,0.0,0.0,0.0,82.0,66.0,49.0,95.0,102.0,197.0,2.0,0.0,327.0,241.0,0.0,0.0,16.77529513835907,12.971962988376617,31.678178906440735,1.110117882490158,7.354274392127991,10.24179607629776,11.5887850522995,5.218048393726349,5.272020772099495,10.16334816813469,25.710275769233704,0.8041882887482643,18.099093437194824,7.1999140083789825,12.729784846305847,4.085708037018776,7.873222231864929,44.0,0.3416551649570465,67.0,86.0,5.0,16.0,113.0,201.0,129.0,0.0,1445.0,472.0,4.0,4.0,4.0,45.0,16.0,99.60738333333333,33.99915313720703,117628.40625,0.6367324590682983,0.0
4,2026-06-12T19:00:00Z,Group B,First Stage,43899,Canada,CAN,4-4-2,400021449,3,151614,97',1.0,13.0,8.0,3.0,3.0,0.0,1.0,1.0,0.0,4.0,6.0,0.0,0.0,10.0,4.0,6.0,4.0,3.0,0.0,30.0,3.0,6.0717034339904785,8.511474609375,0.0,17.0,2.0,9.0,30.0,5.0,160.0,38.0,20.0,0.0,15024.8203125,2628.070068359375,44883.21875,5775.86962890625,43026.80859375,143.0,247.0,9.0,15.0,5.0,22.0,23.0,67.0,50.0,10.0,20.0,20.0,15.0,12.0,0.6666666865348816,2.0,2.0,7.0,1.0,1.0,1.0,0.0,1.0,0.0,2.0,0.0,0.0,190.0,10.0,20.0,52.0,32.0,16.0,22.0,110.0,31.0,16.0,6.0,15.0,6.0,107.0,62.0,42.0,71.0,107.0,6.0,10.0,4.0,61.0,1.0,0.0,0.0,0.0,128.0,114.0,52.0,154.0,140.0,294.0,1.0,0.0,412.0,316.0,0.0,0.0,16.98407083749771,9.993216395378113,30.15049397945404,1.6783075407147408,20.111002027988434,36.46423816680908,19.241495430469513,4.626769572496414,5.539903044700623,2.780011110007763,4.944159835577011,1.0268508456647396,10.98136380314827,5.601004883646965,16.735340654850006,6.060966104269028,11.251947283744812,61.0,0.5281291604042053,86.0,119.0,15.0,28.0,138.0,270.0,166.0,0.0,1275.0,452.0,5.0,5.0,8.0,68.0,32.0,100.3307,34.619014739990234,111338.7890625,1.49470853805542,2.0
5,2026-06-12T19:00:00Z,Group B,First Stage,44037,Bosnia and Herzegovina,BIH,4-4-2,400021449,3,151614,97',1.0,8.0,13.0,4.0,0.0,0.0,1.0,1.0,0.0,2.0,2.0,0.0,0.0,5.0,2.0,4.0,3.0,3.0,1.0,22.0,2.0,5.972912788391113,12.028847694396973,0.0,8.0,1.0,4.0,8.0,5.0,203.0,35.0,10.0,0.0,12892.1201171875,2441.869873046875,43965.73046875,5216.72998046875,45011.62890625,120.0,202.0,11.0,2.0,4.0,8.0,11.0,29.0,51.0,20.0,10.0,11.0,28.0,20.0,0.6666666865348816,2.0,2.0,9.0,1.0,1.0,1.0,0.0,1.0,0.0,4.0,1.0,0.0,154.0,9.0,21.0,56.0,23.0,16.0,26.0,70.0,15.0,4.0,1.0,5.0,1.0,83.0,43.0,36.0,52.0,90.0,3.0,4.0,0.0,44.0,1.0,0.0,0.0,0.0,33.0,65.0,28.0,74.0,52.0,126.0,0.0,0.0,279.0,186.0,0.0,0.0,36.46423816680908,8.136732131242752,16.21575802564621,3.431888297200203,12.543340027332306,16.98407083749771,4.7659460455179214,1.4572132378816605,2.1996382623910904,9.82721745967865,31.233355402946472,0.609265873208642,14.372393488883972,2.452138066291809,11.538069695234299,5.242198705673218,10.640212148427963,38.0,0.29891595244407654,47.0,75.0,5.0,34.0,130.0,116.0,164.0,0.0,1091.0,397.0,5.0,5.0,5.0,32.0,26.0,100.3307,34.79839324951172,109528.078125,0.7619218230247498,3.0
6,2026-06-13T01:00:00Z,Group D,First Stage,43921,USA,USA,4-2-3-1,400021458,4,151625,99',3.0,16.0,9.0,1.0,3.0,2.0,1.0,1.0,0.0,4.0,8.0,0.0,0.0,13.0,6.0,6.0,6.0,3.0,0.0,52.0,4.0,6.309885501861572,11.23277759552002,0.0,41.0,4.0,3.0,23.0,5.0,204.0,39.0,16.0,0.0,16816.0703125,1885.679931640625,49866.76953125,6190.14990234375,45148.02734375,253.0,360.0,12.0,9.0,6.0,30.0,27.0,74.0,50.0,13.0,16.0,18.0,11.0,10.0,0.0,1.0,0.0,3.0,4.0,1.0,1.0,0.0,3.0,0.0,2.0,2.0,0.0,223.0,15.0,24.0,79.0,60.0,35.0,40.0,163.0,38.0,25.0,13.0,21.0,2.0,106.0,78.0,51.0,65.0,109.0,10.0,15.0,2.0,75.0,1.0,0.0,0.0,0.0,127.0,203.0,141.0,253.0,218.0,471.0,2.0,0.0,602.0,520.0,0.0,0.0,14.711011946201324,11.97240725159645,37.1805876493454,1.1047055944800377,19.025811553001404,26.084929704666138,21.85661494731903,7.56702721118927,8.333055675029755,2.159152552485466,4.22980859875679,0.3213988384231925,14.402997493743896,7.495420426130295,18.676520884037018,4.269775003194809,6.588815152645111,65.0,0.5947371125221252,160.0,159.0,21.0,37.0,203.0,405.0,240.0,0.0,1440.0,511.0,4.0,4.0,25.0,75.0,23.0,103.58673333333334,33.967193603515625,119906.6953125,1.8770164251327515,1.0
7,2026-06-13T01:00:00Z,Group D,First Stage,43928,Paraguay,PAR,4-4-2,400021458,4,151625,99',1.0,9.0,16.0,6.0,2.0,4.0,0.0,0.0,0.0,2.0,3.0,0.0,0.0,4.0,1.0,4.0,1.0,5.0,0.0,17.0,8.0,6.016819000244141,17.374265670776367,0.0,15.0,5.0,1.0,5.0,0.0,360.0,75.0,13.0,0.0,15132.640625,1704.830078125,46002.38671875,6072.0498046875,45398.1484375,143.0,213.0,4.0,2.0,4.0,7.0,5.0,22.0,49.0,17.0,13.0,15.0,31.0,24.0,0.5,4.0,3.0,7.0,1.0,4.0,3.0,0.0,1.0,0.0,0.0,2.0,0.0,130.0,6.0,19.0,56.0,29.0,23.0,31.0,60.0,7.0,3.0,0.0,0.0,1.0,67.0,28.0,21.0,41.0,87.0,2.0,4.0,1.0,45.0,1.0,0.0,0.0,0.0,38.0,89.0,77.0,105.0,99.0,204.0,1.0,1.0,316.0,234.0,0.0,0.0,26.084929704666138,16.40133261680603,20.84762752056122,1.0191506706178188,10.980044305324554,14.811529219150543,6.7943379282951355,2.5661492720246315,3.9329882711172104,7.825145870447159,28.487804532051086,0.5794530734419823,25.324463844299316,3.4668639302253723,15.475437045097351,3.8797732442617416,7.079100608825684,35.0,0.2874166965484619,73.0,44.0,4.0,20.0,119.0,168.0,139.0,0.0,1307.0,466.0,5.0,5.0,9.0,25.0,17.0,103.58673333333334,33.26039505004883,114310.0625,0.6046154499053955,5.0
8,2026-06-13T19:00:00Z,Group B,First Stage,43834,Qatar,QAT,4-2-3-1,400021447,8,151613,98',0.0,6.0,26.0,7.0,0.0,0.0,0.0,1.0,0.0,3.0,2.0,0.0,0.0,4.0,3.0,2.0,3.0,2.0,0.0,13.0,4.0,5.777862071990967,18.406299591064453,0.0,9.0,4.0,3.0,8.0,1.0,294.0,42.0,11.0,0.0,14923.41015625,1616.0399169921875,44462.0703125,4750.27001953125,43487.7890625,100.0,161.0,2.0,4.0,0.0,11.0,8.0,18.0,36.0,12.0,11.0,12.0,52.0,39.0,0.8333333134651184,7.0,5.0,12.0,1.0,1.0,1.0,0.0,0.0,0.0,1.0,1.0,0.0,150.0,10.0,25.0,62.0,31.0,20.0,27.0,68.0,16.0,2.0,0.0,5.0,1.0,72.0,35.0,24.0,36.0,74.0,2.0,9.0,0.0,32.0,1.0,0.0,0.0,0.0,61.0,95.0,60.0,116.0,100.0,216.0,0.0,0.0,289.0,213.0,0.0,0.0,18.630267679691315,12.496697157621384,29.45237159729004,2.733187936246395,7.767928391695023,10.417944192886353,8.19130688905716,3.546672686934471,0.46923491172492504,9.17063057422638,46.7757523059845,0.5677277687937021,16.808830201625824,1.9754325971007347,10.871647298336029,2.83399298787117,7.482824474573135,36.0,0.28788086771965027,65.0,47.0,5.0,11.0,83.0,186.0,94.0,0.0,1272.0,377.0,5.0,5.0,4.0,20.0,14.0,103.39293333333333,32.64027404785156,109239.578125,0.5183289051055908,2.0
9,2026-06-13T19:00:00Z,Group B,First Stage,43971,Switzerland,SUI,4-3-3,400021447,8,151613,98',0.0,26.0,6.0,3.0,8.0,0.0,1.0,2.0,0.0,2.0,18.0,1.0,0.0,18.0,7.0,10.0,7.0,8.0,0.0,31.0,5.0,5.785271167755127,13.220937728881836,0.0,15.0,5.0,10.0,34.0,7.0,165.0,33.0,11.0,0.0,14658.890625,1650.3800048828125,42484.58203125,5583.10986328125,45030.87890625,219.0,306.0,17.0,13.0,6.0,30.0,28.0,79.0,42.0,11.0,12.0,11.0,13.0,10.0,1.0,3.0,3.0,5.0,1.0,1.0,0.0,0.0,1.0,0.0,1.0,0.0,0.0,189.0,9.0,11.0,55.0,44.0,31.0,35.0,144.0,30.0,17.0,7.0,14.0,7.0,104.0,83.0,66.0,77.0,77.0,6.0,7.0,4.0,52.0,1.0,0.0,0.0,0.0,118.0,117.0,90.0,202.0,123.0,325.0,1.0,1.0,591.0,542.0,1.0,1.0,10.417944192886353,14.419914782047272,43.72433125972748,0.5259147845208645,13.69236409664154,18.630267679691315,28.390106558799744,9.547165781259537,8.52985829114914,0.7637843489646912,7.572004199028015,0.1387237454764545,13.09618204832077,3.119632788002491,21.82081788778305,7.794953137636185,4.877255484461784,64.0,0.5873742699623108,105.0,143.0,20.0,21.0,153.0,469.0,174.0,0.0,1299.0,449.0,5.0,5.0,8.0,80.0,17.0,103.39293333333333,33.0436897277832,109407.8359375,3.141817092895508,1.0
10,2026-06-13T22:00:00Z,Group C,First Stage,43924,Brazil,BRA,4-4-2,400021456,7,151620,101',1.0,12.0,14.0,3.0,2.0,1.0,2.0,4.0,0.0,1.0,4.0,0.0,0.0,9.0,5.0,2.0,5.0,3.0,0.0,30.0,5.0,5.958889961242676,18.02904510498047,0.0,11.0,5.0,6.0,19.0,7.0,315.0,54.0,14.0,0.0,16135.6796875,2015.760009765625,44733.7421875,6808.830078125,43966.94140625,187.0,268.0,7.0,5.0,4.0,22.0,14.0,48.0,41.0,16.0,14.0,15.0,19.0,16.0,0.6666666865348816,3.0,2.0,4.0,1.0,1.0,1.0,0.0,1.0,0.0,3.0,1.0,0.0,154.0,9.0,15.0,71.0,55.0,43.0,47.0,107.0,18.0,11.0,5.0,7.0,2.0,65.0,41.0,27.0,39.0,82.0,4.0,8.0,2.0,51.0,1.0,0.0,0.0,0.0,79.0,147.0,122.0,174.0,174.0,348.0,0.0,0.0,514.0,457.0,0.0,0.0,12.361806631088257,13.48678469657898,40.88141322135925,0.6758507341146469,10.266847908496857,15.571492910385132,11.077042669057846,6.109065189957619,7.207468897104263,1.8839608877897263,19.36314105987549,0.411363085731864,16.10454171895981,3.3393636345863342,17.777249217033386,5.684779584407806,4.619752988219261,52.0,0.4668981432914734,155.0,61.0,10.0,17.0,176.0,353.0,193.0,0.0,1382.0,509.0,5.0,5.0,9.0,51.0,17.0,104.09348333333334,34.140018463134766,113660.953125,0.9921513795852661,2.0
11,2026-06-13T22:00:00Z,Group C,First Stage,43872,Morocco,MAR,4-2-3-1,400021456,7,151620,101',1.0,14.0,12.0,5.0,5.0,0.0,0.0,0.0,0.0,4.0,8.0,0.0,1.0,6.0,2.0,4.0,3.0,8.0,1.0,49.0,4.0,6.017343997955322,16.834657669067383,0.0,30.0,3.0,2.0,14.0,2.0,285.0,41.0,16.0,0.0,15507.2802734375,2307.630126953125,48292.0703125,6457.1201171875,42336.26171875,248.0,338.0,10.0,7.0,6.0,10.0,20.0,48.0,50.0,14.0,16.0,16.0,23.0,18.0,0.800000011920929,4.0,4.0,4.0,1.0,1.0,1.0,0.0,0.0,1.0,1.0,0.0,0.0,179.0,9.0,26.0,70.0,38.0,26.0,35.0,96.0,15.0,5.0,1.0,2.0,4.0,94.0,53.0,40.0,55.0,108.0,3.0,9.0,1.0,59.0,1.0,0.0,0.0,0.0,115.0,169.0,116.0,226.0,174.0,400.0,1.0,0.0,503.0,431.0,0.0,0.0,15.571492910385132,14.109107851982117,30.501174926757812,1.6282225027680397,8.374719321727753,12.361806631088257,17.008033394813538,3.182760253548622,4.051865637302399,4.716676473617554,20.368370413780212,0.6715322379022837,34.128302335739136,3.747408837080002,14.581853151321411,5.0278544425964355,6.180138140916824,47.0,0.45190590620040894,148.0,128.0,5.0,11.0,197.0,331.0,208.0,0.0,1292.0,489.0,5.0,5.0,19.0,49.0,13.0,104.09348333333334,33.66965103149414,114900.359375,1.330631971359253,0.0
12,2026-06-14T01:00:00Z,Group C,First Stage,43908,Haiti,HAI,4-4-2,400021453,5,151619,99',0.0,15.0,9.0,2.0,3.0,1.0,0.0,1.0,0.0,2.0,8.0,0.0,1.0,8.0,2.0,9.0,2.0,7.0,0.0,24.0,4.0,6.069770812988281,14.863372802734375,0.0,12.0,4.0,4.0,26.0,5.0,185.0,35.0,21.0,0.0,16236.6103515625,1692.02001953125,47431.5390625,5906.81005859375,42471.08203125,136.0,211.0,8.0,6.0,8.0,37.0,11.0,58.0,29.0,23.0,20.0,22.0,15.0,11.0,0.5,2.0,1.0,7.0,0.0,1.0,1.0,0.0,0.0,0.0,3.0,1.0,0.0,142.0,3.0,17.0,56.0,41.0,31.0,36.0,96.0,12.0,4.0,2.0,4.0,5.0,74.0,51.0,40.0,49.0,49.0,1.0,9.0,1.0,32.0,1.0,0.0,0.0,0.0,105.0,94.0,68.0,129.0,138.0,267.0,3.0,0.0,431.0,378.0,0.0,0.0,12.031775712966919,9.202762693166733,44.46435570716858,2.004021219909191,7.150693982839584,11.419723182916641,18.616417050361633,6.204952299594879,4.716208204627037,2.3952096700668335,8.29363837838173,0.6679906044155359,25.001734495162964,6.606302410364151,18.643733859062195,5.430027469992638,6.014248728752136,60.0,0.516315758228302,94.0,83.0,3.0,24.0,115.0,313.0,139.0,0.0,1371.0,452.0,3.0,3.0,6.0,63.0,14.0,102.24253333333334,34.21611404418945,113738.0625,0.7022180557250977,1.0
13,2026-06-14T01:00:00Z,Group C,First Stage,43967,Scotland,SCO,4-4-2,400021453,5,151619,99',0.0,9.0,15.0,2.0,1.0,1.0,0.0,4.0,0.0,0.0,3.0,0.0,1.0,8.0,2.0,6.0,2.0,1.0,0.0,21.0,6.0,6.27534818649292,21.549333572387695,1.0,11.0,4.0,3.0,16.0,6.0,230.0,39.0,23.0,0.0,15559.279296875,2265.10009765625,49270.41796875,5874.91015625,44602.28125,127.0,194.0,4.0,6.0,1.0,14.0,20.0,38.0,35.0,21.0,22.0,26.0,24.0,18.0,1.0,3.0,2.0,13.0,1.0,0.0,0.0,0.0,1.0,0.0,2.0,3.0,0.0,167.0,10.0,24.0,72.0,48.0,33.0,38.0,104.0,18.0,6.0,2.0,8.0,0.0,77.0,50.0,35.0,43.0,66.0,4.0,11.0,0.0,44.0,1.0,0.0,0.0,0.0,94.0,136.0,99.0,167.0,162.0,329.0,1.0,0.0,397.0,324.0,0.0,0.0,11.419723182916641,9.396308660507202,33.12039077281952,0.2458094386383891,8.327505737543106,12.031775712966919,8.838029950857162,3.7348661571741104,1.1189300566911697,7.689530402421951,34.171074628829956,0.7506884168833494,21.40827775001526,1.1309497989714146,18.57736110687256,7.912277430295944,9.92264673113823,39.0,0.4047759473323822,115.0,78.0,7.0,33.0,84.0,266.0,117.0,0.0,1314.0,446.0,5.0,5.0,5.0,37.0,23.0,102.24253333333334,32.89451217651367,117571.9921875,0.9129664301872253,3.0
14,2026-06-14T04:00:00Z,Group D,First Stage,43976,Australia,AUS,5-4-1,400021463,6,151626,97',1.0,9.0,30.0,7.0,1.0,2.0,2.0,1.0,0.0,2.0,2.0,0.0,0.0,6.0,3.0,4.0,4.0,3.0,1.0,22.0,4.0,6.346984386444092,23.574661254882812,1.0,14.0,1.0,5.0,14.0,6.0,384.0,57.0,4.0,0.0,14566.939453125,2225.929931640625,52600.4296875,5616.58984375,41618.66015625,116.0,178.0,7.0,3.0,8.0,4.0,15.0,15.0,35.0,12.0,4.0,7.0,39.0,34.0,1.0,8.0,7.0,17.0,2.0,0.0,0.0,0.0,1.0,1.0,2.0,3.0,0.0,130.0,9.0,13.0,45.0,28.0,18.0,23.0,71.0,21.0,10.0,3.0,8.0,4.0,64.0,33.0,21.0,38.0,67.0,5.0,5.0,2.0,42.0,1.0,0.0,0.0,0.0,42.0,90.0,61.0,105.0,88.0,193.0,1.0,0.0,293.0,224.0,0.0,0.0,21.72863930463791,12.668640911579132,20.042620599269867,1.4509785920381546,5.564119294285774,7.302394509315491,12.048136442899704,1.1429976671934128,1.1110199615359306,9.437628090381622,56.10610246658325,0.3419153857976198,18.08461844921112,1.7513938248157501,11.21922954916954,4.027549922466278,9.207289665937424,25.0,0.27034956216812134,74.0,60.0,10.0,17.0,120.0,166.0,137.0,0.0,1232.0,418.0,5.0,5.0,10.0,19.0,14.0,100.06433333333334,36.669898986816406,116628.546875,0.9855483770370483,0.0
15,2026-06-14T04:00:00Z,Group D,First Stage,43972,Türkiye,TUR,4-2-3-1,400021463,6,151626,97',0.0,30.0,9.0,4.0,8.0,3.0,1.0,0.0,2.0,6.0,18.0,0.0,0.0,13.0,3.0,14.0,7.0,17.0,4.0,38.0,7.0,6.126989364624023,10.661389350891113,0.0,20.0,4.0,8.0,28.0,2.0,170.0,31.0,12.0,0.0,13089.7001953125,1939.580078125,46804.16796875,5093.7998046875,45523.48046875,270.0,382.0,2.0,9.0,12.0,39.0,29.0,83.0,30.0,4.0,12.0,13.0,21.0,15.0,0.5,2.0,2.0,6.0,0.0,2.0,2.0,0.0,0.0,0.0,2.0,1.0,0.0,194.0,9.0,5.0,38.0,27.0,20.0,24.0,146.0,25.0,15.0,6.0,9.0,7.0,131.0,104.0,92.0,110.0,99.0,4.0,3.0,5.0,65.0,1.0,0.0,0.0,0.0,161.0,163.0,209.0,300.0,233.0,533.0,3.0,0.0,722.0,663.0,0.0,0.0,7.302394509315491,18.645457923412323,40.960970520973206,1.9039029255509377,13.589996099472046,21.72863930463791,33.647918701171875,6.375844031572342,10.642598569393158,0.6149557419121265,8.657296746969223,0.5828985013067722,6.819285452365875,3.884423151612282,20.87569683790207,5.105062574148178,7.1236468851566315,74.0,0.6287590861320496,190.0,130.0,13.0,14.0,206.0,540.0,220.0,0.0,1101.0,430.0,5.0,5.0,10.0,81.0,24.0,100.06433333333334,34.69419860839844,112450.7265625,1.6615543365478516,1.0
16,2026-06-14T17:00:00Z,Group E,First Stage,43948,Germany,GER,3-4-3,400021464,10,151631,96',6.0,26.0,8.0,2.0,7.0,3.0,1.0,1.0,0.0,2.0,16.0,1.0,0.0,22.0,12.0,7.0,12.0,4.0,0.0,32.0,3.0,6.320835590362549,11.423928260803223,0.0,23.0,3.0,8.0,20.0,7.0,227.0,55.0,10.0,0.0,16171.01953125,2425.949951171875,48943.58984375,6327.64013671875,42347.890625,287.0,377.0,23.0,9.0,3.0,20.0,26.0,72.0,46.0,18.0,10.0,11.0,10.0,9.0,0.5,1.0,1.0,7.0,7.0,1.0,1.0,0.0,7.0,0.0,3.0,1.0,0.0,190.0,12.0,6.0,64.0,51.0,41.0,46.0,144.0,28.0,18.0,9.0,14.0,2.0,98.0,75.0,63.0,78.0,96.0,7.0,3.0,2.0,72.0,1.0,0.0,0.0,0.0,124.0,181.0,140.0,243.0,202.0,445.0,0.0,0.0,641.0,569.0,1.0,1.0,12.561054527759552,17.03685373067856,34.607529640197754,0.26444324757903814,15.292708575725555,20.221589505672455,23.242390155792236,7.604432106018066,8.555173128843307,0.758794229477644,12.780356407165527,0.3623296972364187,11.402904987335205,5.735888704657555,19.06162053346634,8.002694696187973,7.2731755673885345,56.0,0.5779556035995483,153.0,152.0,17.0,32.0,221.0,423.0,253.0,0.0,1378.0,490.0,5.0,5.0,16.0,71.0,17.0,100.35128333333333,33.81826400756836,116216.09375,4.165320873260498,0.0
17,2026-06-14T17:00:00Z,Group E,First Stage,1895293,Curaçao,CUW,4-1-2-3,400021464,10,151631,96',0.0,8.0,26.0,12.0,0.0,1.0,0.0,0.0,0.0,3.0,3.0,0.0,0.0,4.0,1.0,5.0,2.0,4.0,1.0,34.0,4.0,5.621520042419434,18.09122657775879,0.0,17.0,4.0,1.0,5.0,2.0,339.0,48.0,18.0,0.0,11701.4404296875,2025.2000732421875,40603.28125,4984.81005859375,44171.640625,183.0,251.0,4.0,1.0,6.0,16.0,13.0,24.0,43.0,11.0,18.0,18.0,36.0,31.0,0.3636363744735718,4.0,4.0,11.0,1.0,7.0,7.0,0.0,1.0,0.0,1.0,0.0,0.0,147.0,7.0,20.0,57.0,36.0,25.0,30.0,84.0,15.0,6.0,4.0,7.0,1.0,75.0,42.0,31.0,47.0,93.0,2.0,9.0,0.0,64.0,1.0,0.0,0.0,0.0,83.0,103.0,55.0,141.0,100.0,241.0,1.0,0.0,362.0,291.0,0.0,0.0,20.467135310173035,14.827069640159607,24.807606637477875,1.3894295319914818,11.43815666437149,12.561054527759552,8.537206053733826,1.0775075294077396,1.984311081469059,5.469381809234619,37.29044497013092,0.6926834117621183,24.616903066635132,2.4431398138403893,19.028297066688538,1.2689328752458096,6.071268022060394,44.0,0.35321691632270813,79.0,77.0,6.0,15.0,180.0,178.0,195.0,0.0,990.0,400.0,3.0,3.0,13.0,29.0,9.0,100.35128333333333,33.3381462097168,103486.3671875,0.4041719138622284,0.0
18,2026-06-14T20:00:00Z,Group F,First Stage,43960,Netherlands,NED,4-1-2-3,400021470,11,151638,97',2.0,10.0,9.0,2.0,0.0,1.0,2.0,3.0,0.0,0.0,3.0,0.0,0.0,10.0,6.0,4.0,6.0,0.0,0.0,23.0,1.0,5.6793718338012695,14.245381355285645,0.0,12.0,0.0,5.0,23.0,8.0,194.0,30.0,7.0,0.0,12240.80078125,1451.22998046875,40676.640625,4594.39990234375,43980.21875,198.0,262.0,10.0,8.0,9.0,18.0,18.0,60.0,33.0,7.0,6.0,7.0,12.0,11.0,0.5,1.0,1.0,9.0,2.0,2.0,1.0,0.0,2.0,0.0,5.0,0.0,0.0,153.0,7.0,14.0,38.0,25.0,11.0,17.0,109.0,20.0,13.0,6.0,11.0,2.0,95.0,71.0,55.0,72.0,83.0,5.0,9.0,2.0,62.0,1.0,0.0,0.0,0.0,85.0,91.0,122.0,180.0,118.0,298.0,1.0,0.0,529.0,473.0,0.0,0.0,7.607186585664749,18.83552074432373,46.00701928138733,1.3514853082597256,7.455894351005554,11.970113962888718,23.503747582435608,1.7459675669670105,1.9832836464047432,3.218577802181244,32.83827304840088,0.4185628145933151,24.623489379882812,2.450091950595379,13.85495513677597,4.665475711226463,5.9304725378751755,59.0,0.5486080646514893,119.0,95.0,11.0,19.0,134.0,384.0,153.0,0.0,1040.0,342.0,5.0,5.0,9.0,57.0,21.0,99.07321666666667,35.61319351196289,102943.2890625,0.6293714642524719,3.0
19,2026-06-14T20:00:00Z,Group F,First Stage,43819,Japan,JPN,3-4-3,400021470,11,151638,97',2.0,9.0,10.0,6.0,0.0,0.0,2.0,3.0,0.0,1.0,3.0,0.0,0.0,5.0,1.0,5.0,2.0,4.0,1.0,21.0,2.0,6.05285120010376,22.256025314331055,0.0,13.0,2.0,4.0,24.0,7.0,316.0,46.0,7.0,0.0,13825.6396484375,1718.4100341796875,46027.1015625,5075.080078125,42753.171875,119.0,180.0,4.0,6.0,7.0,16.0,16.0,37.0,28.0,7.0,7.0,8.0,12.0,12.0,0.6666666865348816,6.0,4.0,7.0,2.0,2.0,2.0,0.0,1.0,1.0,2.0,1.0,0.0,138.0,10.0,7.0,30.0,18.0,9.0,13.0,88.0,20.0,13.0,6.0,8.0,2.0,88.0,57.0,47.0,69.0,68.0,6.0,3.0,1.0,45.0,1.0,0.0,0.0,0.0,101.0,121.0,120.0,203.0,139.0,342.0,0.0,0.0,356.0,302.0,0.0,0.0,11.970113962888718,8.505561202764511,43.76654326915741,1.1865799315273762,6.013762578368187,7.607186585664749,20.11709362268448,1.378257293254137,1.6301114112138748,3.484111651778221,50.199300050735474,0.48189423978328705,18.25050562620163,2.74957362562418,17.158466577529907,4.015785455703735,5.752956494688988,41.0,0.3744947612285614,105.0,79.0,11.0,11.0,106.0,255.0,117.0,0.0,1150.0,398.0,5.0,5.0,4.0,43.0,19.0,99.07321666666667,33.54746627807617,109399.3984375,0.3389749526977539,0.0
20,2026-06-14T23:00:00Z,Group E,First Stage,43854,Côte d'Ivoire,CIV,4-4-2,400021467,9,151632,99',1.0,15.0,12.0,1.0,1.0,1.0,1.0,2.0,0.0,2.0,9.0,0.0,0.0,8.0,2.0,8.0,4.0,7.0,2.0,39.0,1.0,5.834937572479248,17.2657527923584,1.0,30.0,1.0,3.0,15.0,3.0,288.0,31.0,13.0,0.0,14251.560546875,2254.219970703125,44079.71875,5795.490234375,43211.2890625,237.0,323.0,6.0,7.0,2.0,11.0,25.0,50.0,44.0,10.0,13.0,13.0,22.0,18.0,0.0,1.0,0.0,10.0,1.0,0.0,0.0,0.0,1.0,0.0,0.0,0.0,0.0,177.0,5.0,24.0,89.0,70.0,54.0,60.0,132.0,18.0,11.0,6.0,12.0,1.0,70.0,51.0,34.0,40.0,99.0,4.0,12.0,1.0,68.0,1.0,0.0,0.0,0.0,87.0,174.0,72.0,179.0,154.0,333.0,0.0,0.0,471.0,413.0,0.0,0.0,16.374598443508148,13.820299506187439,27.330154180526733,1.0715826414525509,9.373535215854645,13.668228685855865,21.64141535758972,10.834221541881561,5.257830768823624,2.8695402666926384,11.958235502243042,0.3910078667104244,27.215000987052917,5.152354389429092,17.894472181797028,3.582996129989624,4.732224345207214,48.0,0.4193752110004425,128.0,102.0,8.0,39.0,204.0,265.0,243.0,0.0,1223.0,457.0,5.0,5.0,17.0,51.0,14.0,102.76085,34.576812744140625,109592.28125,1.8823951482772827,3.0
21,2026-06-14T23:00:00Z,Group E,First Stage,43927,Ecuador,ECU,4-4-2,400021467,9,151632,99',0.0,12.0,15.0,4.0,2.0,0.0,2.0,0.0,0.0,3.0,6.0,0.0,0.0,5.0,0.0,10.0,1.0,7.0,1.0,16.0,2.0,5.768011093139648,15.65079116821289,0.0,9.0,2.0,5.0,14.0,3.0,280.0,61.0,10.0,0.0,13977.689453125,2135.35009765625,43084.05078125,5707.2197265625,43515.69921875,203.0,276.0,8.0,4.0,4.0,16.0,17.0,46.0,49.0,13.0,9.0,10.0,23.0,21.0,0.75,3.0,3.0,11.0,0.0,1.0,1.0,0.0,0.0,0.0,2.0,0.0,0.0,191.0,9.0,27.0,83.0,57.0,42.0,47.0,124.0,20.0,8.0,4.0,11.0,0.0,88.0,59.0,44.0,52.0,94.0,4.0,11.0,0.0,57.0,1.0,0.0,0.0,0.0,77.0,149.0,113.0,174.0,165.0,339.0,0.0,0.0,513.0,438.0,0.0,0.0,13.668228685855865,11.926273256540298,38.16322088241577,0.4996803589165211,12.254878133535385,16.374598443508148,10.63179224729538,3.836841508746147,5.570072308182716,4.579160362482071,23.734237253665924,0.8234645240008831,19.05834972858429,4.388215020298958,20.452801883220673,4.484106227755547,4.091199487447739,51.0,0.4987327456474304,147.0,113.0,7.0,21.0,142.0,360.0,163.0,0.0,1205.0,451.0,4.0,4.0,5.0,49.0,14.0,102.76085,35.51527404785156,108420.0078125,1.3596324920654297,1.0
22,2026-06-15T02:00:00Z,Group F,First Stage,43970,Sweden,SWE,3-4-1-2,400021474,12,151637,97',4.0,13.0,6.0,2.0,2.0,2.0,1.0,0.0,0.0,2.0,8.0,0.0,0.0,10.0,5.0,4.0,7.0,3.0,2.0,26.0,5.0,6.037967205047607,14.999568939208984,0.0,15.0,5.0,4.0,12.0,3.0,172.0,44.0,8.0,0.0,13613.919921875,2135.60986328125,45723.390625,5125.080078125,44746.58984375,146.0,221.0,8.0,3.0,3.0,19.0,23.0,42.0,42.0,10.0,8.0,14.0,8.0,7.0,0.5,2.0,1.0,6.0,5.0,1.0,1.0,0.0,3.0,2.0,1.0,6.0,0.0,161.0,13.0,19.0,59.0,36.0,23.0,27.0,92.0,24.0,13.0,5.0,7.0,4.0,78.0,43.0,29.0,42.0,88.0,7.0,6.0,1.0,49.0,1.0,0.0,0.0,0.0,62.0,85.0,103.0,124.0,126.0,250.0,3.0,0.0,356.0,290.0,0.0,0.0,15.240921080112457,9.856515377759933,37.90184557437897,4.839510470628738,12.330054491758347,16.335177421569824,16.94387197494507,2.232787571847439,1.6129471361637115,4.571407288312912,24.575647711753845,0.9236302226781845,23.7242192029953,2.4480286985635757,13.489560782909393,3.4029915928840637,6.3885509967803955,53.0,0.4738664925098419,97.0,77.0,14.0,28.0,103.0,240.0,131.0,0.0,1112.0,361.0,5.0,5.0,8.0,50.0,19.0,100.54621666666667,32.799015045166016,111344.5859375,2.0912559032440186,0.0
23,2026-06-15T02:00:00Z,Group F,First Stage,43888,Tunisia,TUN,5-3-2,400021474,12,151637,97',1.0,6.0,13.0,7.0,0.0,0.0,1.0,1.0,1.0,1.0,2.0,0.0,0.0,2.0,1.0,2.0,2.0,4.0,1.0,19.0,10.0,5.971515655517578,17.177562713623047,0.0,12.0,8.0,2.0,13.0,3.0,223.0,45.0,10.0,0.0,13565.6396484375,2095.489990234375,44844.2578125,5947.0400390625,43270.0390625,139.0,199.0,9.0,3.0,9.0,10.0,11.0,54.0,41.0,8.0,10.0,13.0,26.0,20.0,0.1666666716337204,1.0,1.0,10.0,1.0,5.0,5.0,0.0,1.0,0.0,2.0,3.0,0.0,153.0,9.0,20.0,63.0,41.0,30.0,34.0,89.0,16.0,5.0,2.0,6.0,1.0,74.0,43.0,31.0,44.0,68.0,2.0,9.0,1.0,35.0,1.0,0.0,0.0,0.0,97.0,192.0,73.0,205.0,157.0,362.0,6.0,0.0,370.0,299.0,0.0,0.0,16.335177421569824,10.722556710243225,36.98471486568451,0.0,8.890847116708755,15.260779857635498,14.201836287975311,3.0000248923897743,3.3165354281663895,3.7108682096004486,21.280689537525177,0.448079826310277,21.21986895799637,3.8179878145456314,18.717816472053528,7.148176431655884,7.5089231133461,46.0,0.426657110452652,109.0,81.0,5.0,23.0,121.0,234.0,144.0,0.0,1138.0,431.0,5.0,5.0,7.0,50.0,17.0,100.54621666666667,33.89725112915039,109722.46875,0.3418881297111511,1.0
24,2026-06-15T16:00:00Z,Group H,First Stage,43969,Spain,ESP,4-1-2-3,400021482,14,151649,96',0.0,27.0,6.0,1.0,5.0,0.0,4.0,3.0,0.0,6.0,13.0,0.0,1.0,16.0,6.0,11.0,7.0,11.0,1.0,23.0,8.0,6.355340003967285,9.614175796508789,1.0,17.0,8.0,11.0,39.0,8.0,200.0,37.0,1.0,0.0,13045.6396484375,1449.6500244140625,50595.62109375,4970.3701171875,45409.0,315.0,406.0,18.0,13.0,14.0,36.0,38.0,91.0,53.0,10.0,1.0,4.0,16.0,11.0,1.0,1.0,1.0,5.0,0.0,0.0,0.0,0.0,0.0,0.0,9.0,3.0,0.0,210.0,8.0,6.0,27.0,24.0,12.0,13.0,176.0,34.0,28.0,7.0,11.0,15.0,149.0,124.0,99.0,120.0,92.0,8.0,4.0,13.0,71.0,1.0,0.0,0.0,0.0,194.0,172.0,268.0,388.0,246.0,634.0,2.0,0.0,811.0,755.0,0.0,0.0,5.748755484819412,20.436756312847137,47.60327935218811,0.9207994677126408,14.303870499134064,23.22062999010086,40.287548303604126,16.312935948371887,10.267364978790283,0.09986342629417777,2.1775083616375923,0.47776554711163044,12.186083197593689,2.60320957750082,16.260114312171936,5.243170261383057,5.350035801529884,72.0,0.6565943360328674,247.0,181.0,29.0,30.0,190.0,642.0,220.0,0.0,1170.0,391.0,4.0,4.0,6.0,90.0,18.0,99.10936666666667,32.582191467285156,115470.28125,2.262368679046631,1.0
25,2026-06-15T16:00:00Z,Group H,First Stage,43850,Cabo Verde,CPV,4-1-2-3,400021482,14,151649,96',0.0,6.0,27.0,7.0,1.0,1.0,1.0,0.0,0.0,1.0,2.0,0.0,0.0,2.0,1.0,4.0,1.0,4.0,0.0,23.0,3.0,6.181573390960693,24.758541107177734,1.0,13.0,2.0,1.0,3.0,2.0,398.0,44.0,10.0,0.0,12232.2802734375,1578.830078125,52188.2890625,4247.740234375,42125.48046875,126.0,198.0,3.0,0.0,0.0,6.0,3.0,7.0,47.0,1.0,9.0,12.0,51.0,37.0,1.0,7.0,6.0,14.0,0.0,0.0,0.0,0.0,0.0,0.0,1.0,2.0,0.0,132.0,6.0,16.0,67.0,40.0,30.0,45.0,64.0,12.0,1.0,1.0,5.0,1.0,53.0,23.0,13.0,30.0,73.0,0.0,10.0,0.0,32.0,1.0,0.0,0.0,0.0,54.0,115.0,69.0,114.0,124.0,238.0,3.0,0.0,306.0,227.0,0.0,0.0,23.22062999010086,14.623913168907166,25.823840498924255,1.8161214888095856,4.790507256984711,5.748755484819412,4.670464247465134,0.23717563599348068,0.5110657308250666,7.745314389467239,60.244810581207275,0.46774265356361866,17.59285032749176,1.2820701114833355,11.224427074193954,2.0516058430075645,7.356364279985428,28.0,0.2540188729763031,80.0,45.0,1.0,19.0,124.0,158.0,143.0,0.0,1084.0,342.0,5.0,5.0,9.0,10.0,14.0,99.10936666666667,33.6453857421875,112372.6171875,0.1305737942457199,1.0
26,2026-06-15T19:00:00Z,Group G,First Stage,43935,Belgium,BEL,4-2-3-1,400021478,16,151643,96',0.0,15.0,14.0,0.0,4.0,1.0,0.0,3.0,1.0,2.0,9.0,0.0,0.0,9.0,3.0,8.0,3.0,6.0,0.0,,,6.37,13.23,0.0,,,2.0,14.0,5.0,,,15.0,0.0,15557.04,2410.88,48682.77,6160.37,41545.84,,,,,,,,36.0,27.0,15.0,15.0,16.0,,,,,,1.0,1.0,1.0,,0.0,0.0,0.0,2.0,1.0,0.0,,,,,,,,,,,,,,,,,,,,,,,1.0,,,,,,,,,,0.0,0.0,476.0,404.0,0.0,0.0,13.24,18.98,37.97,0.66,11.54,15.88,23.17,8.36,6.33,2.8,13.23,0.63,17.54,4.28,22.44,10.04,2.41,52.0,0.52,,,,,,,,0.0,,,5.0,5.0,,64.0,18.0,,34.45,115161.28,1.07,2.0
27,2026-06-15T19:00:00Z,Group G,First Stage,43855,Egypt,EGY,4-2-3-1,400021478,16,151643,96',1.0,14.0,15.0,0.0,5.0,4.0,0.0,1.0,0.0,7.0,3.0,0.0,0.0,7.0,2.0,6.0,3.0,7.0,1.0,,,6.26,18.1,0.0,,,7.0,13.0,2.0,,,15.0,0.0,14985.0,2374.57,46929.59,6038.69,42701.1,,,,,,,,23.0,28.0,15.0,13.0,15.0,,,,,,13.0,1.0,1.0,,0.0,0.0,1.0,1.0,0.0,0.0,,,,,,,,,,,,,,,,,,,,,,,1.0,,,,,,,,,,1.0,1.0,413.0,330.0,0.0,0.0,15.87,10.81,37.5,1.11,9.56,12.82,16.47,2.67,1.86,6.52,42.87,0.9,19.77,2.18,20.91,3.78,5.18,39.0,0.38,,,,,,,,0.0,,,5.0,5.0,,36.0,16.0,,33.62,113961.91,0.81,2.0
28,2026-06-15T22:00:00Z,Group H,First Stage,43835,Saudi Arabia,KSA,4-4-2,400021486,13,151650,99',0.0,7.0,27.0,10.0,1.0,1.0,2.0,0.0,0.0,2.0,1.0,0.0,1.0,3.0,3.0,3.0,3.0,4.0,0.0,13.0,4.0,5.840325355529785,19.23920440673828,0.0,10.0,2.0,4.0,6.0,2.0,318.0,40.0,6.0,0.0,13121.76953125,1430.7799072265625,45759.30078125,4661.23974609375,44564.390625,150.0,217.0,5.0,4.0,1.0,5.0,6.0,16.0,44.0,11.0,6.0,12.0,35.0,32.0,0.8888888955116272,9.0,8.0,10.0,1.0,1.0,1.0,0.0,1.0,0.0,1.0,6.0,0.0,134.0,8.0,16.0,54.0,28.0,21.0,30.0,61.0,13.0,3.0,3.0,4.0,1.0,67.0,30.0,23.0,42.0,69.0,0.0,7.0,0.0,39.0,1.0,0.0,0.0,0.0,51.0,99.0,51.0,113.0,88.0,201.0,0.0,0.0,331.0,243.0,0.0,0.0,22.41232842206955,11.506068706512451,24.999114871025085,1.9515905529260635,7.161856442689896,9.301112592220306,8.319473266601562,2.455667592585087,1.3456189073622227,8.53356420993805,40.83970785140991,0.41376911103725433,27.758172154426575,2.517385222017765,12.312891334295273,2.6399513706564903,9.230687469244003,43.0,0.2709801495075226,54.0,79.0,5.0,21.0,134.0,163.0,155.0,0.0,1183.0,384.0,5.0,5.0,5.0,23.0,18.0,102.20063333333334,33.776912689208984,109537.4765625,1.0565448999404907,1.0
29,2026-06-15T22:00:00Z,Group H,First Stage,43930,Uruguay,URU,4-4-2,400021486,13,151650,99',0.0,27.0,7.0,3.0,5.0,1.0,7.0,2.0,1.0,5.0,8.0,0.0,1.0,16.0,5.0,9.0,10.0,11.0,5.0,32.0,6.0,5.911696910858154,12.891587257385254,0.0,25.0,6.0,14.0,42.0,12.0,157.0,23.0,11.0,0.0,13731.0,1821.8900146484375,43705.5078125,5185.60009765625,46471.01953125,277.0,387.0,14.0,12.0,3.0,22.0,25.0,80.0,39.0,6.0,11.0,11.0,15.0,10.0,0.6666666865348816,2.0,2.0,3.0,1.0,1.0,1.0,0.0,1.0,0.0,11.0,0.0,0.0,192.0,8.0,19.0,58.0,49.0,30.0,31.0,155.0,21.0,16.0,7.0,9.0,4.0,113.0,90.0,68.0,82.0,107.0,6.0,13.0,3.0,79.0,1.0,0.0,0.0,0.0,186.0,174.0,178.0,243.0,295.0,538.0,6.0,0.0,623.0,566.0,0.0,0.0,9.301112592220306,15.492002665996552,44.30285096168518,0.3972531296312809,16.578789055347443,22.41232842206955,23.520514369010925,4.172122105956078,6.383807212114334,1.010952703654766,8.673343062400818,0.447644991800189,21.486960351467133,1.4614813029766083,18.500521779060364,3.395378589630127,6.153512001037598,57.0,0.6332943439483643,180.0,121.0,15.0,26.0,195.0,446.0,221.0,0.0,1182.0,416.0,5.0,5.0,7.0,77.0,20.0,102.20063333333334,34.583641052246094,110915.0234375,1.5020021200180054,0.0
30,2026-06-16T01:00:00Z,Group G,First Stage,43817,IR Iran,IRN,4-3-3,400021476,15,151644,96',1.0,17.0,14.0,8.0,4.0,1.0,0.0,2.0,0.0,7.0,7.0,0.0,0.0,10.0,3.0,7.0,4.0,7.0,1.0,31.0,5.0,6.083223342895508,12.890820503234863,0.0,23.0,4.0,4.0,18.0,4.0,253.0,54.0,8.0,0.0,15891.9599609375,2060.619873046875,44310.55859375,6128.48974609375,44627.48828125,183.0,276.0,7.0,7.0,7.0,18.0,10.0,54.0,46.0,10.0,8.0,8.0,16.0,15.0,0.7142857313156128,6.0,5.0,4.0,2.0,2.0,2.0,0.0,2.0,0.0,3.0,0.0,0.0,166.0,13.0,18.0,60.0,36.0,26.0,29.0,94.0,24.0,15.0,6.0,7.0,4.0,82.0,43.0,29.0,47.0,102.0,5.0,5.0,4.0,63.0,1.0,0.0,0.0,0.0,90.0,126.0,139.0,163.0,192.0,355.0,2.0,0.0,417.0,333.0,0.0,0.0,16.830435395240784,13.439147174358368,32.61283040046692,2.660689316689968,12.316789478063583,15.623246133327484,16.765008866786957,3.8272712379693985,3.8356326520442963,3.7099413573741913,11.567819118499756,0.658185500651598,27.165979146957397,4.97521348297596,20.009693503379822,2.674550563097,7.1181923151016235,56.0,0.4330897629261017,112.0,79.0,17.0,29.0,145.0,264.0,174.0,0.0,1325.0,450.0,4.0,4.0,7.0,51.0,25.0,101.41975,32.55131530761719,113019.1171875,1.854284405708313,1.0
31,2026-06-16T01:00:00Z,Group G,First Stage,43978,New Zealand,NZL,4-4-2,400021476,15,151644,96',2.0,14.0,17.0,4.0,1.0,4.0,0.0,2.0,1.0,3.0,3.0,0.0,0.0,10.0,5.0,3.0,8.0,4.0,3.0,22.0,1.0,6.074743270874023,12.894124984741211,0.0,21.0,1.0,1.0,11.0,2.0,234.0,42.0,9.0,0.0,15009.509765625,2261.409912109375,46182.58203125,6554.8701171875,42894.3515625,197.0,275.0,9.0,7.0,1.0,15.0,11.0,41.0,47.0,8.0,10.0,11.0,22.0,20.0,0.5,2.0,2.0,11.0,2.0,2.0,2.0,0.0,2.0,0.0,2.0,2.0,0.0,144.0,4.0,18.0,54.0,41.0,25.0,32.0,108.0,8.0,3.0,0.0,4.0,0.0,82.0,64.0,48.0,60.0,78.0,3.0,13.0,0.0,58.0,1.0,0.0,0.0,0.0,88.0,180.0,128.0,206.0,190.0,396.0,0.0,0.0,448.0,378.0,0.0,0.0,15.623246133327484,12.468494474887848,35.792869329452515,0.6522128824144602,10.173865407705307,16.830435395240784,12.663201987743378,3.9025869220495224,5.175985768437386,3.9443347603082657,15.083298087120056,0.5379535723477602,26.449385285377502,5.190525203943253,12.795795500278473,6.6868603229522705,6.548408418893814,43.0,0.45278242230415344,154.0,118.0,3.0,30.0,166.0,279.0,196.0,0.0,1310.0,475.0,5.0,5.0,9.0,49.0,16.0,101.41975,32.36019515991211,112902.71875,1.4731107950210571,0.0
32,2026-06-16T19:00:00Z,Group I,First Stage,43946,France,FRA,4-2-3-1,400021490,17,151656,100',2.0,11.0,6.0,2.0,2.0,1.0,0.0,0.0,0.0,2.0,8.0,0.0,0.0,7.0,6.0,1.0,8.0,4.0,2.0,37.0,4.0,6.192073822021484,16.750957489013672,0.0,28.0,4.0,6.0,9.0,0.0,277.0,49.0,9.0,0.0,15676.83984375,2824.2900390625,48833.03125,6989.080078125,45856.33203125,212.0,279.0,9.0,3.0,6.0,26.0,15.0,57.0,54.0,5.0,8.0,12.0,11.0,9.0,0.5,2.0,1.0,7.0,3.0,1.0,1.0,0.0,2.0,1.0,0.0,3.0,0.0,202.0,13.0,15.0,87.0,63.0,49.0,59.0,138.0,24.0,11.0,4.0,5.0,6.0,91.0,64.0,46.0,57.0,89.0,3.0,11.0,4.0,69.0,1.0,0.0,0.0,0.0,106.0,114.0,153.0,212.0,161.0,373.0,1.0,0.0,584.0,516.0,0.0,0.0,11.167038977146149,14.947427809238434,40.92202186584473,2.485370449721813,7.582450658082962,10.78367754817009,11.809315532445908,9.29890125989914,5.060801655054092,1.9077977165579796,13.153965771198273,0.7990197278559208,30.085772275924683,4.222654551267624,19.407202303409576,4.37813401222229,4.158142581582069,48.0,0.49370989203453064,161.0,87.0,10.0,16.0,115.0,469.0,131.0,0.0,1339.0,533.0,2.0,2.0,13.0,54.0,9.0,105.88123333333334,35.11570739746094,120179.5703125,1.6155927181243896,0.0
33,2026-06-16T19:00:00Z,Group I,First Stage,43879,Senegal,SEN,4-3-3,400021490,17,151656,100',1.0,6.0,11.0,8.0,1.0,2.0,0.0,1.0,0.0,0.0,3.0,0.0,0.0,4.0,1.0,3.0,2.0,2.0,1.0,28.0,8.0,6.015286445617676,19.158342361450195,0.0,22.0,8.0,4.0,11.0,2.0,308.0,44.0,5.0,0.0,14856.919921875,2510.330078125,49533.87109375,6193.85986328125,43630.109375,239.0,318.0,4.0,5.0,9.0,9.0,19.0,39.0,39.0,9.0,5.0,6.0,21.0,14.0,0.625,5.0,5.0,4.0,1.0,3.0,3.0,0.0,1.0,0.0,0.0,1.0,0.0,194.0,13.0,26.0,76.0,53.0,33.0,37.0,127.0,20.0,11.0,3.0,6.0,1.0,98.0,63.0,42.0,58.0,133.0,7.0,13.0,1.0,80.0,1.0,0.0,0.0,0.0,106.0,140.0,104.0,221.0,129.0,350.0,3.0,0.0,521.0,453.0,0.0,0.0,10.78367754817009,16.421091556549072,38.0594938993454,1.884286291897297,8.428564667701721,11.167038977146149,10.926800966262817,7.872877269983292,4.82991561293602,2.9952945187687874,17.38997995853424,0.1845948863774538,30.700793862342834,3.3674295991659164,17.156271636486053,5.342785269021988,4.124836623668671,51.0,0.44453632831573486,124.0,84.0,11.0,19.0,216.0,303.0,235.0,0.0,1323.0,476.0,5.0,5.0,8.0,46.0,21.0,105.88123333333334,33.77149963378906,116725.09375,0.3860669732093811,0.0
34,2026-06-16T22:00:00Z,Group I,First Stage,43818,Iraq,IRQ,4-4-2,400021488,18,151655,98',1.0,11.0,11.0,5.0,0.0,0.0,0.0,2.0,0.0,4.0,5.0,0.0,0.0,8.0,1.0,9.0,1.0,3.0,0.0,24.0,5.0,5.9253830909729,22.842327117919922,0.0,11.0,4.0,2.0,9.0,3.0,288.0,64.0,13.0,0.0,16053.560546875,1992.4599609375,45357.890625,5551.81005859375,42780.77734375,126.0,188.0,6.0,5.0,3.0,10.0,6.0,37.0,42.0,12.0,13.0,13.0,28.0,23.0,0.3333333432674408,1.0,1.0,10.0,1.0,4.0,2.0,0.0,1.0,0.0,5.0,0.0,0.0,146.0,8.0,21.0,62.0,38.0,28.0,33.0,82.0,21.0,11.0,7.0,11.0,2.0,63.0,33.0,21.0,32.0,69.0,2.0,8.0,2.0,43.0,1.0,0.0,0.0,0.0,108.0,123.0,79.0,155.0,155.0,310.0,1.0,1.0,347.0,286.0,0.0,0.0,21.731536090373993,14.350290596485138,31.800490617752075,3.337419405579567,5.7203494012355804,7.4869416654109955,9.382469952106476,7.394881546497345,6.409349292516708,6.549187749624252,15.627998113632202,0.2858720952644944,34.1592937707901,7.402633875608444,13.484522700309753,3.8142122328281403,6.126264110207558,43.0,0.34706035256385803,91.0,64.0,12.0,25.0,117.0,211.0,142.0,0.0,1358.0,460.0,5.0,5.0,6.0,40.0,14.0,103.2156,33.53158187866211,111736.5,1.1999132633209229,1.0
35,2026-06-16T22:00:00Z,Group I,First Stage,43961,Norway,NOR,4-1-2-3,400021488,18,151655,98',2.0,11.0,11.0,1.0,1.0,0.0,2.0,1.0,0.0,3.0,3.0,0.0,0.0,10.0,5.0,5.0,5.0,1.0,0.0,34.0,5.0,6.170742988586426,13.698687553405762,0.0,17.0,3.0,5.0,17.0,6.0,173.0,34.0,12.0,0.0,15963.7294921875,2189.1298828125,47482.26953125,5339.14013671875,45282.58203125,221.0,302.0,9.0,6.0,7.0,17.0,18.0,59.0,31.0,13.0,11.0,13.0,14.0,13.0,0.0,0.0,0.0,9.0,4.0,1.0,1.0,0.0,3.0,0.0,3.0,1.0,0.0,189.0,12.0,14.0,79.0,63.0,48.0,53.0,136.0,30.0,16.0,8.0,13.0,5.0,80.0,57.0,39.0,49.0,105.0,5.0,10.0,3.0,70.0,1.0,0.0,0.0,0.0,73.0,133.0,149.0,191.0,164.0,355.0,0.0,0.0,548.0,493.0,0.0,0.0,7.4869416654109955,17.64073073863983,43.43124032020569,0.6860930472612381,13.437020778656006,21.731536090373993,10.713905096054077,6.1936866492033005,12.131474167108536,2.6668475940823555,10.80600693821907,0.58228624984622,19.414648413658142,2.885381504893303,19.206729531288147,6.40668123960495,7.175873965024948,56.0,0.5720335841178894,140.0,90.0,17.0,17.0,200.0,353.0,217.0,0.0,1323.0,441.0,5.0,5.0,9.0,60.0,22.0,103.2156,36.52069091796875,116256.8515625,2.410916328430176,0.0
36,2026-06-17T01:00:00Z,Group J,First Stage,43922,Argentina,ARG,4-3-3,400021496,19,151662,97',2.0,10.0,7.0,1.0,0.0,0.0,0.0,0.0,1.0,1.0,6.0,0.0,1.0,3.0,2.0,3.0,6.0,7.0,4.0,18.0,3.0,5.888718605041504,18.446857452392578,1.0,9.0,2.0,2.0,5.0,1.0,288.0,57.0,7.0,0.0,12231.0703125,1760.080078125,44186.4375,4379.2099609375,45829.8984375,284.0,340.0,8.0,5.0,6.0,14.0,5.0,30.0,46.0,13.0,7.0,8.0,10.0,9.0,0.0,0.0,0.0,6.0,3.0,0.0,0.0,0.0,1.0,2.0,1.0,1.0,0.0,158.0,3.0,20.0,75.0,57.0,46.0,52.0,115.0,11.0,8.0,5.0,6.0,2.0,72.0,50.0,38.0,47.0,93.0,2.0,9.0,1.0,74.0,1.0,0.0,0.0,0.0,81.0,175.0,165.0,221.0,200.0,421.0,3.0,0.0,578.0,517.0,0.0,0.0,12.169589847326279,18.712763488292694,43.9193993806839,1.7863135784864426,7.614388316869736,8.485695719718933,7.0130906999111176,2.7583636343479156,1.1983972042798996,2.4376939982175827,32.91957974433899,1.0893672704696655,39.47628438472748,2.4946417659521103,13.47549706697464,0.4938961938023567,3.070193901658058,44.0,0.4462142288684845,166.0,84.0,8.0,18.0,173.0,400.0,191.0,0.0,1063.0,369.0,5.0,5.0,4.0,39.0,12.0,99.7971,33.66386413574219,108386.703125,1.5841552019119263,0.0
37,2026-06-17T01:00:00Z,Group J,First Stage,43843,Algeria,ALG,4-3-3,400021496,19,151662,97',0.0,7.0,10.0,6.0,2.0,2.0,0.0,0.0,1.0,0.0,4.0,0.0,0.0,3.0,1.0,4.0,1.0,4.0,0.0,40.0,5.0,5.935055732727051,20.184547424316406,0.0,23.0,5.0,2.0,8.0,0.0,332.0,37.0,13.0,0.0,14329.8701171875,1422.929931640625,46481.26953125,5173.35986328125,41911.28125,272.0,347.0,8.0,10.0,8.0,24.0,13.0,66.0,40.0,8.0,13.0,16.0,12.0,11.0,0.5,3.0,3.0,4.0,0.0,3.0,3.0,0.0,0.0,0.0,1.0,3.0,0.0,159.0,7.0,11.0,76.0,65.0,55.0,58.0,127.0,13.0,7.0,3.0,5.0,1.0,70.0,55.0,44.0,51.0,72.0,3.0,7.0,1.0,55.0,1.0,0.0,0.0,0.0,101.0,221.0,150.0,238.0,234.0,472.0,1.0,0.0,634.0,578.0,0.0,0.0,8.485695719718933,17.838039994239807,49.04668629169464,0.14723697677254677,7.645590603351593,12.169589847326279,16.154132783412933,7.10434690117836,6.642821431159973,0.44077904894948006,11.164722591638565,0.4122262354940176,32.25014805793762,5.598095059394836,14.159910380840302,5.407191440463066,4.95014451444149,56.0,0.5082471966743469,172.0,88.0,6.0,12.0,233.0,403.0,245.0,0.0,1277.0,410.0,5.0,5.0,12.0,61.0,19.0,99.7971,33.03800964355469,109318.7109375,0.4107125997543335,0.0
38,2026-06-17T04:00:00Z,Group J,First Stage,43934,Austria,AUT,4-2-3-1,400021498,20,151661,103',1.0,10.0,11.0,4.0,3.0,0.0,0.0,0.0,0.0,5.0,4.0,1.0,0.0,5.0,3.0,4.0,4.0,5.0,1.0,35.0,2.0,6.201545715332031,11.838763236999512,0.0,23.0,2.0,4.0,17.0,4.0,206.0,44.0,6.0,0.0,17115.109375,2634.72998046875,51164.1484375,6664.7197265625,42790.890625,259.0,365.0,10.0,10.0,8.0,26.0,14.0,51.0,54.0,12.0,6.0,7.0,19.0,17.0,0.6666666865348816,3.0,2.0,3.0,3.0,1.0,,0.0,1.0,1.0,0.0,1.0,0.0,197.0,11.0,19.0,66.0,47.0,32.0,36.0,134.0,20.0,14.0,6.0,7.0,2.0,111.0,73.0,57.0,79.0,113.0,7.0,8.0,1.0,78.0,1.0,0.0,0.0,0.0,111.0,201.0,156.0,265.0,203.0,468.0,3.0,0.0,587.0,499.0,1.0,1.0,12.803074717521667,15.14882743358612,37.4857097864151,1.0841711424291134,15.668478608131409,25.436899065971375,13.914842903614044,2.791854739189148,8.093000203371048,2.6995860040187836,12.544918060302734,1.3237507082521915,13.996130228042603,2.5707177817821503,16.7376309633255,6.83528333902359,4.927064850926399,54.0,0.5333762168884277,180.0,116.0,15.0,23.0,248.0,338.0,271.0,0.0,1496.0,526.0,5.0,5.0,4.0,64.0,21.0,106.82833333333333,34.06986999511719,120369.6015625,1.9312589168548584,1.0
39,2026-06-17T04:00:00Z,Group J,First Stage,43820,Jordan,JOR,3-4-3,400021498,20,151661,103',1.0,11.0,10.0,4.0,3.0,3.0,0.0,1.0,0.0,0.0,4.0,0.0,1.0,7.0,2.0,4.0,4.0,4.0,2.0,23.0,6.0,6.119691371917725,17.528579711914062,0.0,15.0,5.0,3.0,15.0,4.0,322.0,42.0,12.0,0.0,17446.080078125,2263.64013671875,50289.87109375,6695.0,42527.1484375,138.0,228.0,3.0,3.0,3.0,18.0,13.0,45.0,55.0,7.0,11.0,15.0,18.0,15.0,0.3333333432674408,1.0,1.0,10.0,1.0,3.0,,0.0,1.0,0.0,1.0,3.0,0.0,153.0,6.0,28.0,63.0,30.0,17.0,29.0,77.0,11.0,4.0,0.0,2.0,3.0,79.0,43.0,28.0,42.0,101.0,2.0,11.0,2.0,55.0,1.0,0.0,0.0,0.0,92.0,117.0,86.0,120.0,175.0,295.0,1.0,1.0,344.0,254.0,0.0,0.0,25.436899065971375,9.19714942574501,20.60874104499817,3.1250961124897003,9.956633299589157,12.803074717521667,19.321846961975098,3.3431895077228546,3.5836782306432724,6.5388984978199005,23.930613696575165,0.0,21.570077538490295,4.191799834370613,18.647685647010803,5.579538643360138,10.351976752281189,46.0,0.33022987842559814,89.0,79.0,5.0,25.0,136.0,200.0,161.0,0.0,1552.0,517.0,5.0,5.0,10.0,36.0,19.0,106.82833333333333,34.53596115112305,119221.7421875,0.5312686562538147,0.0
40,2026-06-17T17:00:00Z,Group K,First Stage,43963,Portugal,POR,4-2-3-1,400021502,23,151668,95',1.0,7.0,8.0,2.0,1.0,0.0,0.0,4.0,0.0,1.0,2.0,0.0,0.0,5.0,1.0,4.0,1.0,2.0,0.0,27.0,14.0,5.946845531463623,11.033426284790039,0.0,16.0,12.0,5.0,23.0,6.0,183.0,24.0,10.0,0.0,13862.5205078125,1871.0799560546875,44908.75,5662.18017578125,43472.41015625,315.0,389.0,1.0,4.0,3.0,31.0,30.0,75.0,29.0,9.0,9.0,12.0,13.0,10.0,0.5,1.0,1.0,5.0,1.0,1.0,1.0,0.0,1.0,0.0,1.0,2.0,0.0,225.0,13.0,15.0,82.0,64.0,49.0,54.0,171.0,28.0,18.0,6.0,10.0,5.0,115.0,89.0,70.0,82.0,95.0,8.0,7.0,4.0,66.0,1.0,0.0,0.0,0.0,167.0,173.0,151.0,261.0,230.0,491.0,3.0,0.0,804.0,740.0,0.0,0.0,6.51894211769104,20.726419985294342,43.77824366092682,0.43811947107315063,10.729557275772095,18.14945340156555,23.653854429721832,3.654378652572632,4.274116083979607,1.3227837160229683,13.091717660427094,0.3597867675125599,14.225704967975616,6.673949956893921,19.67478096485138,7.086480408906937,4.268600791692734,69.0,0.6885405778884888,177.0,144.0,19.0,15.0,152.0,664.0,167.0,0.0,1192.0,458.0,4.0,4.0,5.0,72.0,16.0,100.4419,34.76333236694336,109776.9375,0.5663132071495056,3.0
41,2026-06-17T17:00:00Z,Group K,First Stage,20014,Congo DR,COD,5-3-2,400021502,23,151668,95',1.0,8.0,7.0,1.0,0.0,2.0,0.0,1.0,0.0,1.0,4.0,0.0,0.0,2.0,1.0,5.0,2.0,6.0,1.0,24.0,4.0,6.088063716888428,33.49409866333008,0.0,12.0,3.0,4.0,10.0,1.0,407.0,41.0,9.0,0.0,14661.9697265625,2275.9599609375,45994.03125,5997.47998046875,43471.8515625,117.0,176.0,3.0,7.0,6.0,6.0,12.0,22.0,42.0,10.0,9.0,12.0,21.0,15.0,0.0,1.0,0.0,8.0,1.0,1.0,1.0,0.0,1.0,0.0,2.0,3.0,0.0,141.0,10.0,18.0,50.0,23.0,19.0,22.0,65.0,19.0,4.0,3.0,6.0,3.0,72.0,38.0,33.0,41.0,73.0,0.0,4.0,1.0,33.0,1.0,0.0,0.0,0.0,77.0,106.0,70.0,131.0,122.0,253.0,2.0,0.0,268.0,214.0,0.0,0.0,18.14945340156555,12.02365905046463,17.703016102313995,3.7353776395320892,4.762634262442589,6.51894211769104,13.692617416381836,3.744695708155632,3.757716715335846,7.2861529886722565,36.66646182537079,0.5239050835371017,31.624257564544678,2.401231601834297,18.236103653907776,3.8136307150125504,9.35257226228714,31.0,0.2534979581832886,84.0,73.0,3.0,20.0,104.0,152.0,124.0,0.0,1276.0,472.0,5.0,5.0,6.0,28.0,15.0,100.4419,33.414371490478516,112401.2890625,0.5352960824966431,1.0
42,2026-06-17T20:00:00Z,Group L,First Stage,43942,England,ENG,4-2-3-1,400021507,22,151673,97',3.0,22.0,10.0,5.0,3.0,0.0,3.0,2.0,1.0,5.0,8.0,1.0,1.0,20.0,11.0,5.0,11.0,2.0,0.0,23.0,1.0,6.280044078826904,18.026018142700195,0.0,15.0,0.0,8.0,15.0,8.0,262.0,38.0,11.0,0.0,16894.96875,2695.119873046875,46589.8984375,6603.7802734375,44198.609375,237.0,316.0,8.0,4.0,1.0,8.0,16.0,46.0,36.0,10.0,12.0,12.0,19.0,15.0,0.6000000238418579,3.0,3.0,6.0,4.0,2.0,2.0,0.0,4.0,0.0,6.0,1.0,0.0,153.0,9.0,19.0,62.0,41.0,31.0,34.0,94.0,22.0,11.0,7.0,11.0,2.0,69.0,42.0,31.0,39.0,96.0,3.0,7.0,1.0,56.0,1.0,0.0,0.0,0.0,98.0,148.0,153.0,227.0,172.0,399.0,0.0,0.0,482.0,421.0,1.0,1.0,11.685845255851746,18.667806684970856,37.874311208724976,2.7445796877145767,10.842796415090561,12.736567854881287,9.959792345762253,4.839502647519112,10.442166775465012,4.340678825974464,20.57710289955139,0.49402741715312004,16.43562912940979,5.437988415360451,15.957659482955933,4.3565355241298676,6.216678395867348,48.0,0.489938348531723,132.0,82.0,12.0,21.0,159.0,327.0,180.0,0.0,1425.0,510.0,5.0,5.0,7.0,47.0,15.0,102.01679999999999,35.24734878540039,116982.3828125,3.329282522201538,0.0
43,2026-06-17T20:00:00Z,Group L,First Stage,43938,Croatia,CRO,3-4-3,400021507,22,151673,97',2.0,10.0,22.0,11.0,2.0,1.0,1.0,0.0,0.0,3.0,5.0,0.0,0.0,4.0,2.0,3.0,5.0,6.0,3.0,20.0,4.0,6.095372676849365,17.065156936645508,0.0,14.0,3.0,2.0,12.0,2.0,295.0,50.0,10.0,0.0,15979.650390625,2733.169921875,46746.55078125,6433.0400390625,41830.671875,216.0,283.0,9.0,4.0,3.0,13.0,8.0,50.0,35.0,12.0,10.0,10.0,34.0,27.0,0.6363636255264282,8.0,7.0,7.0,2.0,4.0,4.0,0.0,1.0,1.0,0.0,0.0,0.0,160.0,8.0,18.0,56.0,38.0,26.0,30.0,99.0,19.0,8.0,5.0,9.0,2.0,85.0,53.0,40.0,57.0,88.0,2.0,10.0,1.0,59.0,1.0,0.0,0.0,0.0,81.0,112.0,87.0,148.0,132.0,280.0,1.0,0.0,459.0,399.0,0.0,0.0,12.736567854881287,17.612938582897186,34.17391777038574,1.080224197357893,7.5995199382305145,11.685845255851746,15.432827174663544,10.179714113473892,13.235294818878174,5.543676018714905,8.962368965148926,0.14328238321468234,25.192153453826904,4.7194331884384155,15.59135764837265,5.723520368337631,5.544904991984367,51.0,0.43502143025398254,85.0,79.0,7.0,18.0,131.0,314.0,149.0,0.0,1375.0,487.0,5.0,5.0,5.0,53.0,18.0,102.01679999999999,34.091373443603516,113723.078125,0.8179053664207458,0.0
44,2026-06-17T23:00:00Z,Group L,First Stage,43860,Ghana,GHA,4-1-2-3,400021510,21,151674,102',1.0,7.0,11.0,4.0,1.0,0.0,0.0,2.0,0.0,2.0,1.0,0.0,0.0,6.0,2.0,3.0,2.0,1.0,0.0,36.0,7.0,6.081325531005859,22.365074157714844,1.0,19.0,7.0,2.0,17.0,6.0,294.0,60.0,11.0,0.0,15027.3896484375,1961.969970703125,49660.1328125,6242.990234375,46108.28125,123.0,195.0,5.0,5.0,5.0,17.0,17.0,42.0,49.0,9.0,10.0,12.0,23.0,20.0,1.0,4.0,4.0,10.0,1.0,0.0,0.0,0.0,1.0,0.0,3.0,1.0,0.0,146.0,10.0,16.0,49.0,29.0,14.0,23.0,94.0,20.0,12.0,3.0,8.0,2.0,77.0,53.0,36.0,49.0,73.0,7.0,8.0,2.0,49.0,1.0,0.0,0.0,0.0,76.0,69.0,81.0,114.0,112.0,226.0,4.0,0.0,362.0,304.0,0.0,0.0,18.156909942626953,9.348490089178085,34.77659523487091,1.9429368898272514,8.09699073433876,9.52792838215828,11.308551579713821,3.9366889744997025,5.373148247599602,7.334422320127487,17.19701886177063,0.7131683174520731,35.70626676082611,2.7836568653583527,13.85478675365448,2.631821110844612,6.699509918689728,49.0,0.35583317279815674,81.0,77.0,13.0,32.0,121.0,237.0,153.0,0.0,1280.0,499.0,5.0,5.0,11.0,41.0,21.0,106.73975,34.51606369018555,119000.7578125,0.9762238264083862,1.0
45,2026-06-17T23:00:00Z,Group L,First Stage,43914,Panama,PAN,3-4-3,400021510,21,151674,102',0.0,11.0,7.0,2.0,2.0,1.0,0.0,1.0,0.0,5.0,4.0,0.0,0.0,6.0,3.0,4.0,4.0,5.0,1.0,22.0,15.0,5.988063812255859,12.159818649291992,0.0,16.0,11.0,2.0,21.0,3.0,201.0,62.0,9.0,0.0,15334.060546875,1976.469970703125,50705.0078125,5695.47998046875,43564.4921875,224.0,301.0,5.0,3.0,5.0,26.0,14.0,54.0,48.0,11.0,9.0,13.0,12.0,10.0,0.5,1.0,1.0,9.0,0.0,1.0,1.0,0.0,0.0,0.0,1.0,4.0,0.0,213.0,10.0,34.0,99.0,63.0,50.0,55.0,123.0,19.0,8.0,3.0,6.0,3.0,95.0,52.0,37.0,48.0,120.0,3.0,10.0,2.0,72.0,1.0,0.0,0.0,0.0,95.0,182.0,147.0,187.0,237.0,424.0,1.0,0.0,597.0,526.0,0.0,0.0,9.52792838215828,11.192601174116135,45.62988877296448,0.7343333214521408,12.944570183753967,18.156909942626953,13.073524832725525,4.349544271826744,2.156330645084381,2.686113864183426,21.79909348487854,0.559829268604517,22.773855924606323,3.6764319986104965,17.423391342163086,5.037146434187889,5.05475290119648,50.0,0.5554836392402649,148.0,85.0,9.0,19.0,164.0,437.0,183.0,0.0,1283.0,444.0,4.0,4.0,7.0,59.0,23.0,106.73975,33.786014556884766,117275.5078125,0.7712918519973755,2.0
46,2026-06-18T02:00:00Z,Group K,First Stage,44005,Uzbekistan,UZB,3-4-3,400021504,24,151667,101',0.0,8.0,15.0,4.0,1.0,1.0,0.0,1.0,0.0,2.0,3.0,0.0,1.0,4.0,2.0,3.0,2.0,4.0,0.0,20.0,8.0,5.778046607971191,17.98550033569336,0.0,16.0,7.0,3.0,11.0,2.0,264.0,36.0,11.0,0.0,13125.44921875,1453.0899658203125,45853.53125,4481.98974609375,47104.34765625,128.0,175.0,1.0,9.0,5.0,13.0,5.0,43.0,32.0,14.0,10.0,14.0,27.0,21.0,0.25,1.0,1.0,10.0,1.0,3.0,3.0,0.0,1.0,0.0,2.0,3.0,0.0,157.0,13.0,22.0,70.0,44.0,30.0,35.0,87.0,17.0,6.0,3.0,3.0,1.0,70.0,37.0,22.0,34.0,66.0,2.0,12.0,1.0,41.0,1.0,0.0,0.0,0.0,66.0,139.0,84.0,173.0,116.0,289.0,0.0,0.0,334.0,267.0,0.0,0.0,13.65334838628769,10.636153817176819,36.6389125585556,1.3163402676582336,5.845719203352928,8.012719452381134,8.997317403554916,1.7199866473674774,4.36752662062645,4.381599277257919,34.12441313266754,0.098546186927706,26.30370557308197,4.064776375889778,17.2736719250679,3.1108085066080093,8.32596868276596,38.0,0.3394434154033661,93.0,63.0,6.0,7.0,122.0,197.0,129.0,0.0,1161.0,365.0,5.0,5.0,10.0,40.0,24.0,105.63746666666665,36.45697021484375,112018.40625,1.1054002046585083,1.0
47,2026-06-18T02:00:00Z,Group K,First Stage,43926,Colombia,COL,4-1-2-3,400021504,24,151667,101',3.0,15.0,8.0,2.0,3.0,0.0,0.0,1.0,0.0,4.0,9.0,0.0,0.0,9.0,3.0,7.0,4.0,6.0,1.0,23.0,9.0,5.602312088012695,12.60014820098877,0.0,14.0,8.0,4.0,18.0,6.0,160.0,32.0,14.0,0.0,13386.8994140625,1527.3099365234375,43026.98046875,4657.64990234375,46113.5625,205.0,281.0,11.0,7.0,3.0,15.0,15.0,53.0,31.0,11.0,13.0,14.0,11.0,10.0,0.5,1.0,1.0,8.0,3.0,1.0,1.0,0.0,3.0,0.0,2.0,0.0,0.0,155.0,13.0,14.0,45.0,23.0,16.0,18.0,81.0,21.0,3.0,1.0,3.0,5.0,89.0,55.0,47.0,57.0,79.0,1.0,6.0,1.0,41.0,1.0,0.0,0.0,0.0,116.0,175.0,170.0,207.0,254.0,461.0,3.0,0.0,534.0,469.0,0.0,0.0,8.012719452381134,18.553097546100616,43.820545077323914,1.4111408032476902,6.012682616710663,13.65334838628769,12.520445883274078,3.207901120185852,3.508690372109413,4.820635914802551,17.59151518344879,0.3364497562870383,28.97809147834778,3.9521217346191406,14.52997475862503,2.5753136724233627,6.001158058643341,62.0,0.5670092105865479,158.0,88.0,5.0,18.0,132.0,394.0,150.0,0.0,1117.0,369.0,5.0,5.0,8.0,60.0,26.0,105.63746666666665,34.635780334472656,108712.3984375,1.1606700420379639,1.0
48,2026-06-18T16:00:00Z,Group A,First Stage,43995,Czechia,CZE,3-5-2,400021440,25,151610,98',1.0,14.0,17.0,4.0,2.0,0.0,3.0,2.0,1.0,2.0,4.0,0.0,0.0,11.0,2.0,5.0,3.0,3.0,1.0,22.0,4.0,6.439815998077393,20.657339096069336,0.0,14.0,4.0,5.0,15.0,8.0,343.0,40.0,10.0,0.0,18383.48046875,1745.4599609375,52370.5703125,6648.75,40445.26953125,185.0,260.0,7.0,7.0,3.0,18.0,7.0,38.0,41.0,12.0,10.0,13.0,21.0,19.0,0.75,3.0,3.0,8.0,1.0,1.0,1.0,0.0,1.0,0.0,7.0,3.0,0.0,174.0,10.0,27.0,69.0,41.0,23.0,32.0,105.0,17.0,6.0,2.0,5.0,2.0,88.0,58.0,40.0,49.0,101.0,4.0,14.0,0.0,64.0,1.0,0.0,0.0,0.0,76.0,119.0,66.0,132.0,129.0,261.0,2.0,0.0,352.0,279.0,0.0,0.0,21.942129731178284,12.425022572278976,20.460979640483856,0.9613078087568283,5.96342571079731,8.210325986146927,12.117916345596313,9.84426811337471,4.483646899461746,4.673779010772705,28.493356704711914,0.13662336859852076,17.449943721294403,3.3435799181461334,16.881267726421356,4.789203032851219,7.9575806856155396,40.0,0.32366499304771423,81.0,89.0,7.0,16.0,173.0,181.0,189.0,0.0,1555.0,508.0,5.0,5.0,9.0,37.0,16.0,101.34171666666667,32.06409454345703,119593.53125,1.3577100038528442,1.0
49,2026-06-18T16:00:00Z,Group A,First Stage,43883,South Africa,RSA,4-3-3,400021440,25,151610,98',0.0,17.0,14.0,3.0,7.0,0.0,0.0,1.0,0.0,6.0,8.0,1.0,0.0,6.0,3.0,6.0,4.0,11.0,1.0,20.0,7.0,6.029299259185791,12.293872833251953,0.0,12.0,6.0,5.0,16.0,3.0,233.0,41.0,11.0,0.0,15791.5498046875,2347.510009765625,46460.33984375,5875.68994140625,41531.51171875,236.0,312.0,7.0,8.0,10.0,14.0,15.0,58.0,44.0,10.0,11.0,13.0,21.0,16.0,0.6666666865348816,2.0,2.0,10.0,1.0,1.0,1.0,0.0,1.0,0.0,2.0,2.0,0.0,193.0,7.0,25.0,78.0,54.0,41.0,46.0,127.0,14.0,8.0,4.0,5.0,2.0,101.0,65.0,51.0,67.0,100.0,3.0,10.0,1.0,63.0,1.0,0.0,0.0,0.0,138.0,181.0,153.0,246.0,226.0,472.0,3.0,0.0,584.0,518.0,1.0,1.0,8.136475831270218,17.076998949050903,46.85073792934418,0.769891170784831,17.413906753063202,21.942129731178284,15.627682209014893,7.0586539804935455,6.975479423999786,4.1771672666072845,9.760233014822006,0.13435916043817997,12.951262295246124,3.4709449857473373,16.126173734664917,5.278395488858223,5.908960849046707,59.0,0.6027183532714844,161.0,95.0,8.0,23.0,174.0,410.0,197.0,0.0,1357.0,486.0,3.0,3.0,5.0,63.0,15.0,101.34171666666667,32.8613166809082,112006.6015625,1.3368074893951416,2.0
50,2026-06-18T19:00:00Z,Group B,First Stage,43971,Switzerland,SUI,4-3-3,400021446,26,151616,98',2.0,13.0,5.0,3.0,0.0,0.0,0.0,0.0,1.0,1.0,9.0,1.0,0.0,9.0,5.0,6.0,7.0,4.0,2.0,24.0,7.0,6.252930641174316,12.872915267944336,0.0,16.0,6.0,7.0,24.0,1.0,234.0,40.0,17.0,0.0,16836.41015625,1873.22998046875,45776.26953125,5813.6796875,44580.44140625,249.0,334.0,9.0,14.0,6.0,29.0,10.0,64.0,46.0,7.0,17.0,18.0,7.0,7.0,0.6666666865348816,2.0,2.0,3.0,4.0,1.0,1.0,0.0,4.0,0.0,2.0,1.0,0.0,206.0,13.0,24.0,78.0,53.0,37.0,41.0,136.0,27.0,18.0,9.0,10.0,4.0,101.0,65.0,47.0,60.0,104.0,7.0,9.0,2.0,60.0,1.0,0.0,0.0,0.0,147.0,173.0,144.0,271.0,193.0,464.0,3.0,0.0,601.0,531.0,1.0,1.0,8.747261762619019,18.746139109134674,38.97230923175812,0.693677319213748,11.156871169805527,16.46503657102585,20.998483896255493,7.188617438077927,10.184469819068909,2.7812622487545013,9.530959278345108,1.0667810216546059,20.660661160945892,3.7351638078689575,19.87137496471405,5.69283552467823,6.742992997169495,54.0,0.577756941318512,152.0,109.0,18.0,27.0,164.0,426.0,191.0,0.0,1462.0,466.0,5.0,5.0,5.0,68.0,21.0,99.98061666666666,33.961910247802734,114880.03125,1.8466745615005493,1.0
51,2026-06-18T19:00:00Z,Group B,First Stage,44037,Bosnia and Herzegovina,BIH,4-4-2,400021446,26,151616,98',0.0,5.0,13.0,7.0,1.0,0.0,0.0,0.0,0.0,2.0,3.0,0.0,0.0,3.0,1.0,0.0,3.0,2.0,2.0,24.0,3.0,6.260563850402832,18.403223037719727,0.0,15.0,3.0,3.0,14.0,1.0,339.0,48.0,7.0,1.0,15931.08984375,1917.909912109375,47300.55078125,5604.10009765625,42327.98046875,190.0,265.0,2.0,2.0,1.0,17.0,5.0,32.0,42.0,17.0,7.0,10.0,21.0,19.0,0.4285714328289032,4.0,3.0,8.0,1.0,4.0,4.0,0.0,1.0,0.0,0.0,3.0,0.0,155.0,8.0,23.0,63.0,35.0,27.0,32.0,77.0,16.0,6.0,5.0,5.0,3.0,76.0,36.0,28.0,42.0,113.0,1.0,7.0,0.0,59.0,1.0,0.0,0.0,0.0,49.0,82.0,74.0,96.0,109.0,205.0,1.0,0.0,359.0,289.0,0.0,0.0,16.46503657102585,14.39010500907898,32.06206262111664,1.594451628625393,7.222294807434082,8.747261762619019,11.00529134273529,5.260152369737625,6.759843230247498,5.893035978078842,29.338526725769043,0.4867910873144865,14.228342473506927,4.5646026730537415,15.240955352783203,4.346482828259468,6.018875911831856,46.0,0.3411564230918884,84.0,57.0,5.0,21.0,166.0,183.0,187.0,1.0,1362.0,461.0,5.0,5.0,10.0,32.0,8.0,99.98061666666666,33.17384338378906,113081.6328125,0.3039710521697998,2.0
52,2026-06-18T22:00:00Z,Group B,First Stage,43899,Canada,CAN,4-4-2,400021450,27,151615,100',1.0,33.0,2.0,0.0,7.0,1.0,0.0,7.0,2.0,10.0,10.0,0.0,2.0,21.0,10.0,10.0,11.0,12.0,1.0,16.0,3.0,5.782666206359863,8.439037322998047,1.0,11.0,3.0,19.0,61.0,15.0,107.0,27.0,10.0,0.0,15281.91015625,1763.989990234375,45659.359375,5731.759765625,42780.01953125,211.0,300.0,15.0,5.0,11.0,20.0,37.0,94.0,31.0,9.0,10.0,11.0,4.0,3.0,0.0,0.0,0.0,2.0,6.0,0.0,0.0,1.0,4.0,1.0,5.0,1.0,0.0,172.0,0.0,1.0,7.0,6.0,6.0,6.0,148.0,28.0,23.0,6.0,8.0,20.0,137.0,119.0,102.0,116.0,71.0,0.0,0.0,17.0,55.0,1.0,0.0,0.0,0.0,158.0,138.0,206.0,192.0,310.0,502.0,1.0,0.0,575.0,535.0,0.0,0.0,9.210646152496338,12.491274625062943,39.1611784696579,1.2361790053546429,14.715410768985748,22.428181767463684,52.62055993080139,6.434103846549988,8.047456294298172,0.3732815384864807,0.6715152878314257,0.0,17.502306401729584,2.8791487216949463,23.346787691116333,4.458175227046013,12.279850244522095,77.0,0.6582329273223877,184.0,150.0,29.0,18.0,177.0,455.0,195.0,0.0,1284.0,420.0,5.0,5.0,8.0,94.0,23.0,105.43610000000001,34.111061096191406,111217.0390625,3.896850347518921,1.0
53,2026-06-18T22:00:00Z,Group B,First Stage,43834,Qatar,QAT,4-3-3,400021450,27,151615,100',0.0,2.0,33.0,11.0,0.0,0.0,0.0,1.0,1.0,0.0,0.0,0.0,0.0,1.0,0.0,2.0,0.0,1.0,0.0,7.0,1.0,5.222984313964844,21.019548416137695,0.0,4.0,0.0,1.0,2.0,1.0,274.0,43.0,9.0,2.0,11239.3203125,1314.760009765625,36426.640625,3684.22998046875,38088.578125,61.0,95.0,0.0,1.0,1.0,4.0,4.0,4.0,23.0,10.0,9.0,10.0,52.0,47.0,0.4444444477558136,5.0,4.0,13.0,0.0,6.0,5.0,0.0,0.0,0.0,0.0,1.0,0.0,102.0,14.0,9.0,41.0,14.0,8.0,18.0,31.0,17.0,3.0,1.0,1.0,2.0,44.0,14.0,8.0,19.0,56.0,2.0,4.0,0.0,18.0,1.0,0.0,0.0,0.0,25.0,41.0,28.0,30.0,64.0,94.0,1.0,1.0,166.0,107.0,0.0,0.0,22.428181767463684,11.480122804641724,21.795284748077393,1.0169273242354393,7.3503077030181885,9.210646152496338,1.3795026578009129,0.48152306117117405,0.35304948687553406,12.769517302513123,56.47982358932495,0.9812549687922001,6.362983584403992,0.0,8.277016133069992,4.724186286330223,6.2217071652412415,23.0,0.20456303656101227,26.0,26.0,3.0,8.0,72.0,69.0,80.0,2.0,963.0,290.0,5.0,5.0,4.0,6.0,9.0,105.43610000000001,33.21076202392578,90753.53125,0.2011037915945053,1.0
54,2026-06-19T01:00:00Z,Group A,First Stage,43911,Mexico,MEX,4-1-2-3,400021442,28,151609,97',0.0,8.0,9.0,2.0,1.0,0.0,0.0,2.0,0.0,3.0,3.0,0.0,0.0,5.0,3.0,3.0,4.0,3.0,1.0,18.0,1.0,6.33196496963501,14.391115188598633,1.0,12.0,1.0,0.0,5.0,3.0,265.0,39.0,7.0,0.0,15942.9296875,1807.6600341796875,49388.5390625,5292.31982421875,44118.390625,170.0,240.0,7.0,3.0,2.0,11.0,3.0,33.0,46.0,9.0,7.0,13.0,17.0,13.0,1.0,2.0,2.0,5.0,1.0,0.0,0.0,0.0,1.0,0.0,2.0,6.0,0.0,173.0,13.0,23.0,76.0,48.0,37.0,40.0,90.0,19.0,4.0,1.0,5.0,1.0,78.0,38.0,27.0,41.0,91.0,3.0,8.0,0.0,38.0,1.0,0.0,0.0,0.0,115.0,192.0,149.0,242.0,214.0,456.0,3.0,0.0,432.0,360.0,0.0,0.0,13.859540224075317,15.549787878990173,39.230310916900635,0.57032136246562,6.4979709684848785,9.056099504232407,5.868947878479958,3.7698734551668167,3.714490309357643,5.754396319389343,21.678681671619415,0.23585581220686436,29.95750904083252,4.956791549921036,16.66240096092224,4.286464676260948,5.435113608837128,41.0,0.4083026945590973,140.0,84.0,4.0,26.0,160.0,264.0,186.0,0.0,1404.0,452.0,5.0,5.0,6.0,42.0,17.0,100.31248333333335,33.212284088134766,116549.84375,0.34312763810157776,0.0
55,2026-06-19T01:00:00Z,Group A,First Stage,43822,Korea Republic,KOR,3-4-3,400021442,28,151609,97',0.0,9.0,8.0,4.0,2.0,0.0,2.0,2.0,0.0,1.0,3.0,0.0,1.0,6.0,2.0,4.0,2.0,3.0,0.0,16.0,5.0,6.098020553588867,17.592016220092773,0.0,10.0,4.0,2.0,8.0,4.0,217.0,37.0,9.0,0.0,13500.8701171875,1954.0699462890625,48104.51953125,5299.2900390625,43249.12890625,239.0,313.0,5.0,4.0,3.0,16.0,13.0,62.0,48.0,7.0,9.0,12.0,11.0,11.0,0.75,5.0,3.0,5.0,0.0,1.0,1.0,0.0,0.0,0.0,4.0,3.0,0.0,182.0,14.0,28.0,71.0,37.0,24.0,29.0,92.0,21.0,9.0,4.0,4.0,3.0,90.0,46.0,32.0,45.0,97.0,4.0,9.0,1.0,52.0,1.0,0.0,0.0,0.0,79.0,126.0,176.0,210.0,171.0,381.0,6.0,0.0,593.0,510.0,0.0,0.0,9.056099504232407,15.18453061580658,47.89591729640961,0.4316065926104784,9.03618112206459,13.859540224075317,8.816424012184143,5.777550116181374,10.786141455173492,4.885175451636314,8.403709530830383,0.37168378476053476,29.48732078075409,5.047587677836418,12.70756721496582,2.033902518451214,5.200286582112312,59.0,0.5182066559791565,161.0,73.0,10.0,15.0,203.0,371.0,218.0,0.0,1174.0,443.0,5.0,5.0,7.0,58.0,25.0,100.31248333333335,34.4344482421875,112107.8828125,0.8677548170089722,2.0
56,2026-06-19T19:00:00Z,Group D,First Stage,43921,USA,USA,3-5-2,400021462,32,151627,99',0.0,10.0,5.0,2.0,4.0,0.0,1.0,2.0,0.0,1.0,4.0,0.0,0.0,8.0,1.0,3.0,2.0,2.0,1.0,33.0,5.0,5.744619369506836,10.521180152893066,1.0,22.0,5.0,7.0,15.0,4.0,167.0,50.0,16.0,0.0,14801.0595703125,2253.3701171875,44828.76171875,5475.169921875,43728.05859375,206.0,277.0,7.0,3.0,6.0,25.0,17.0,54.0,39.0,12.0,15.0,16.0,6.0,5.0,1.0,2.0,2.0,10.0,2.0,0.0,0.0,0.0,1.0,0.0,4.0,0.0,0.0,186.0,13.0,22.0,65.0,43.0,25.0,30.0,121.0,27.0,17.0,7.0,10.0,4.0,94.0,61.0,39.0,55.0,98.0,6.0,12.0,4.0,64.0,1.0,0.0,0.0,0.0,93.0,122.0,132.0,180.0,167.0,347.0,1.0,0.0,531.0,465.0,0.0,0.0,12.040101736783981,15.411974489688873,41.17918908596039,1.446316484361887,19.240055978298187,28.676724433898926,15.951387584209442,5.482635274529457,6.245120987296104,4.364738240838051,16.48603081703186,1.0692954063415527,5.595192685723305,5.355554446578026,15.054155886173248,6.488390266895294,7.180005311965942,57.0,0.5596259832382202,127.0,85.0,16.0,25.0,151.0,370.0,176.0,0.0,1248.0,446.0,5.0,5.0,18.0,66.0,18.0,105.53783333333334,33.93763732910156,111086.421875,1.5753065347671509,3.0
57,2026-06-19T19:00:00Z,Group D,First Stage,43976,Australia,AUS,5-4-1,400021462,32,151627,99',0.0,5.0,10.0,2.0,0.0,1.0,0.0,0.0,0.0,2.0,2.0,0.0,0.0,3.0,1.0,3.0,2.0,2.0,1.0,31.0,6.0,5.838369369506836,15.889144897460938,0.0,16.0,4.0,4.0,20.0,4.0,262.0,40.0,12.0,0.0,15808.8896484375,2393.2900390625,48051.05078125,6160.9599609375,40419.2890625,147.0,222.0,4.0,3.0,2.0,8.0,22.0,43.0,40.0,16.0,11.0,13.0,15.0,14.0,0.5,1.0,1.0,4.0,0.0,2.0,1.0,0.0,0.0,0.0,0.0,1.0,0.0,135.0,4.0,13.0,49.0,30.0,25.0,32.0,74.0,18.0,11.0,7.0,10.0,4.0,68.0,33.0,25.0,47.0,68.0,1.0,4.0,3.0,41.0,1.0,0.0,0.0,0.0,53.0,67.0,38.0,90.0,68.0,158.0,0.0,1.0,308.0,238.0,0.0,0.0,28.676724433898926,11.582520604133606,15.296915173530579,1.9352613016963005,9.867402911186218,12.040101736783981,17.972877621650696,2.9517320916056633,6.320381909608841,5.259335786104202,27.98396944999695,0.6146308034658432,23.95125925540924,2.682025358080864,16.15561991930008,5.00408336520195,10.565873235464096,43.0,0.30338212847709656,56.0,75.0,10.0,26.0,144.0,154.0,170.0,0.0,1376.0,505.0,5.0,5.0,11.0,34.0,22.0,105.53783333333334,34.8031120300293,112833.484375,0.31207478046417236,4.0
58,2026-06-19T22:00:00Z,Group C,First Stage,43967,Scotland,SCO,4-4-2,400021454,30,151621,97',0.0,6.0,12.0,2.0,2.0,0.0,1.0,1.0,0.0,1.0,3.0,0.0,0.0,5.0,0.0,4.0,0.0,1.0,0.0,26.0,7.0,6.341076850891113,25.460508346557617,0.0,19.0,5.0,2.0,13.0,2.0,304.0,36.0,8.0,0.0,16263.6201171875,2276.090087890625,50028.51171875,5916.16015625,43265.91015625,160.0,229.0,7.0,4.0,7.0,11.0,14.0,44.0,39.0,11.0,7.0,8.0,21.0,19.0,0.5,1.0,1.0,7.0,0.0,1.0,1.0,0.0,0.0,0.0,1.0,0.0,0.0,154.0,9.0,20.0,72.0,54.0,40.0,43.0,102.0,15.0,5.0,4.0,6.0,0.0,67.0,43.0,29.0,38.0,79.0,1.0,13.0,0.0,45.0,1.0,0.0,0.0,0.0,67.0,118.0,169.0,190.0,164.0,354.0,1.0,0.0,460.0,403.0,0.0,0.0,11.283707618713379,16.705985367298126,42.61604845523834,1.1868036352097988,5.332045257091522,9.456109255552292,9.522254019975662,4.6720582991838455,6.062989309430122,3.5156484693288803,14.784735441207886,1.0344356298446655,35.50764322280884,4.2061347514390945,14.669908583164215,3.923160955309868,3.4067675471305847,49.0,0.39099299907684326,133.0,72.0,2.0,17.0,129.0,329.0,146.0,0.0,1360.0,460.0,5.0,5.0,6.0,49.0,9.0,101.64748333333333,33.99943161010742,117750.2890625,0.7410386800765991,1.0
59,2026-06-19T22:00:00Z,Group C,First Stage,43872,Morocco,MAR,4-2-3-1,400021454,30,151621,97',1.0,12.0,6.0,0.0,3.0,1.0,1.0,2.0,0.0,1.0,7.0,0.0,0.0,9.0,2.0,6.0,2.0,3.0,0.0,32.0,3.0,6.210249423980713,17.1865177154541,1.0,16.0,3.0,5.0,13.0,3.0,260.0,56.0,10.0,0.0,15141.419921875,2596.800048828125,48166.15234375,6447.64990234375,43010.91015625,259.0,337.0,4.0,4.0,7.0,16.0,14.0,52.0,40.0,8.0,10.0,11.0,9.0,8.0,0.0,1.0,0.0,7.0,1.0,0.0,0.0,0.0,1.0,0.0,1.0,1.0,0.0,164.0,9.0,14.0,59.0,38.0,31.0,36.0,95.0,18.0,8.0,3.0,5.0,4.0,87.0,49.0,40.0,60.0,94.0,3.0,4.0,2.0,56.0,1.0,0.0,0.0,0.0,104.0,129.0,227.0,260.0,200.0,460.0,0.0,0.0,676.0,612.0,0.0,0.0,9.456109255552292,17.340901494026184,48.19529354572296,1.8577095121145248,8.887114375829697,11.283707618713379,9.869028627872467,6.598192453384399,7.4426256120204926,2.740826830267906,12.001112848520279,0.8238667622208595,28.41069996356964,4.347983747720718,11.99774295091629,3.6329980939626694,4.129193350672722,51.0,0.5478000044822693,209.0,87.0,10.0,14.0,183.0,494.0,197.0,0.0,1327.0,494.0,4.0,4.0,8.0,51.0,19.0,101.64748333333333,35.125118255615234,115362.9296875,0.7983452081680298,1.0
60,2026-06-20T00:30:00Z,Group C,First Stage,43924,Brazil,BRA,4-3-3,400021457,29,151622,96',2.0,7.0,7.0,3.0,0.0,0.0,0.0,1.0,0.0,0.0,5.0,0.0,0.0,6.0,3.0,2.0,4.0,1.0,1.0,21.0,6.0,6.114234447479248,16.92009162902832,1.0,10.0,5.0,4.0,11.0,3.0,195.0,32.0,14.0,0.0,14333.73046875,2919.97998046875,45735.87890625,5918.580078125,44725.21875,230.0,296.0,8.0,9.0,7.0,10.0,10.0,44.0,39.0,13.0,14.0,18.0,12.0,9.0,1.0,3.0,3.0,5.0,3.0,0.0,0.0,0.0,3.0,0.0,0.0,4.0,0.0,180.0,16.0,13.0,75.0,58.0,41.0,46.0,131.0,23.0,13.0,4.0,6.0,1.0,82.0,60.0,43.0,52.0,99.0,9.0,8.0,0.0,71.0,1.0,0.0,0.0,0.0,123.0,193.0,121.0,262.0,175.0,437.0,8.0,0.0,551.0,484.0,0.0,0.0,12.135732173919678,13.622139394283295,39.338722825050354,1.5135711058974266,6.78364485502243,9.799017012119293,10.937262326478958,6.0294874012470245,2.7526741847395897,2.6881370693445206,29.429730772972107,0.6536029744893312,22.400985658168793,3.084503300487995,20.74993997812271,4.502319172024727,5.298041924834251,56.0,0.4902397096157074,146.0,97.0,14.0,19.0,165.0,373.0,184.0,0.0,1255.0,461.0,5.0,5.0,6.0,49.0,20.0,101.47085,33.34115982055664,113633.390625,1.4154887199401855,1.0
61,2026-06-20T00:30:00Z,Group C,First Stage,43908,Haiti,HAI,5-4-1,400021457,29,151622,96',0.0,7.0,7.0,4.0,0.0,0.0,1.0,0.0,0.0,3.0,3.0,0.0,0.0,4.0,2.0,3.0,3.0,3.0,1.0,29.0,8.0,6.071385860443115,18.90128517150879,0.0,11.0,8.0,4.0,13.0,3.0,294.0,58.0,13.0,0.0,15389.0302734375,2472.0400390625,47501.3984375,6051.740234375,41402.0,140.0,212.0,7.0,5.0,4.0,20.0,14.0,52.0,34.0,14.0,13.0,21.0,12.0,10.0,0.5,2.0,2.0,5.0,0.0,3.0,2.0,0.0,0.0,0.0,1.0,8.0,0.0,164.0,9.0,20.0,68.0,49.0,35.0,39.0,104.0,20.0,10.0,4.0,9.0,2.0,76.0,45.0,30.0,45.0,73.0,5.0,9.0,1.0,49.0,1.0,0.0,0.0,0.0,110.0,170.0,122.0,219.0,183.0,402.0,4.0,0.0,402.0,338.0,0.0,0.0,9.799017012119293,11.725889146327972,42.18253195285797,1.683027669787407,8.248038589954376,12.135732173919678,13.897861540317535,7.049568742513657,6.14338181912899,4.683316871523857,15.323685109615326,0.6454136688262224,31.57094120979309,6.098832935094833,17.1068012714386,3.6410458385944366,6.684347242116928,43.0,0.4318546652793884,135.0,75.0,9.0,22.0,129.0,265.0,151.0,0.0,1368.0,478.0,5.0,5.0,3.0,51.0,14.0,101.47085,34.41753387451172,112816.2109375,0.2630610764026642,3.0
62,2026-06-20T03:00:00Z,Group D,First Stage,43972,Türkiye,TUR,4-2-3-1,400021460,31,151628,99',0.0,32.0,7.0,2.0,9.0,1.0,1.0,5.0,0.0,5.0,18.0,0.0,1.0,17.0,2.0,17.0,5.0,15.0,3.0,43.0,10.0,6.181194305419922,7.085112571716309,0.0,29.0,9.0,12.0,45.0,9.0,101.0,36.0,15.0,0.0,15355.16015625,2316.5400390625,50279.1015625,5394.080078125,49991.7109375,316.0,443.0,12.0,13.0,17.0,45.0,32.0,87.0,41.0,14.0,15.0,18.0,11.0,9.0,0.5,1.0,1.0,3.0,0.0,1.0,1.0,0.0,0.0,0.0,5.0,3.0,0.0,239.0,6.0,21.0,59.0,46.0,31.0,32.0,179.0,27.0,17.0,6.0,10.0,11.0,153.0,116.0,92.0,115.0,143.0,2.0,13.0,9.0,100.0,1.0,0.0,0.0,0.0,163.0,156.0,148.0,222.0,245.0,467.0,2.0,0.0,666.0,594.0,0.0,0.0,11.410259455442429,14.970675110816956,39.19912278652191,1.1988978832960129,20.12232393026352,34.97205674648285,32.18971490859985,2.29252353310585,2.178635448217392,1.2446770444512367,1.725192368030548,0.0,6.812190264463425,1.2464409694075584,20.135091245174408,7.879363000392914,8.969276398420334,69.0,0.6771254539489746,174.0,154.0,17.0,26.0,279.0,417.0,305.0,0.0,1270.0,411.0,5.0,5.0,15.0,84.0,34.0,108.7486,32.6773681640625,123336.59375,2.1275157928466797,1.0
63,2026-06-20T03:00:00Z,Group D,First Stage,43928,Paraguay,PAR,4-2-3-1,400021460,31,151628,99',1.0,7.0,32.0,5.0,3.0,1.0,0.0,0.0,0.0,3.0,3.0,0.0,0.0,3.0,1.0,2.0,2.0,4.0,1.0,17.0,1.0,6.175953388214111,18.407936096191406,1.0,12.0,1.0,0.0,9.0,2.0,367.0,69.0,14.0,1.0,15598.83984375,2369.8798828125,46289.58984375,6279.35986328125,46424.828125,59.0,112.0,5.0,5.0,2.0,7.0,8.0,11.0,50.0,15.0,14.0,16.0,43.0,40.0,1.0,7.0,5.0,13.0,1.0,0.0,0.0,0.0,0.0,1.0,1.0,2.0,0.0,119.0,6.0,16.0,33.0,15.0,6.0,11.0,57.0,12.0,3.0,0.0,5.0,1.0,74.0,39.0,30.0,51.0,47.0,3.0,6.0,0.0,25.0,1.0,0.0,0.0,0.0,32.0,51.0,14.0,39.0,58.0,97.0,3.0,0.0,171.0,92.0,0.0,0.0,34.97205674648285,3.9249181747436523,11.042919009923935,2.8071286156773567,7.9724982380867,11.410259455442429,8.636507391929626,1.2023529037833214,1.3820148073136806,16.40830934047699,45.59957981109619,0.5156642757356167,11.652976274490356,1.3388268649578094,6.93451464176178,5.756091699004173,11.036591976881027,30.0,0.1918371170759201,24.0,66.0,4.0,14.0,85.0,69.0,99.0,1.0,1281.0,458.0,5.0,5.0,11.0,16.0,18.0,108.7486,33.8907356262207,116962.5,0.35803690552711487,1.0
64,2026-06-20T17:00:00Z,Group F,First Stage,43960,Netherlands,NED,4-3-3,400021472,35,151640,96',5.0,10.0,16.0,8.0,0.0,2.0,0.0,4.0,0.0,1.0,3.0,0.0,0.0,6.0,5.0,2.0,7.0,4.0,2.0,25.0,3.0,5.896481037139893,14.951960563659668,0.0,20.0,3.0,2.0,19.0,4.0,232.0,38.0,12.0,0.0,13444.349609375,2181.47998046875,41346.2890625,5490.91015625,45911.73828125,169.0,226.0,8.0,5.0,12.0,19.0,12.0,56.0,47.0,9.0,11.0,15.0,20.0,18.0,0.875,8.0,7.0,11.0,5.0,1.0,,0.0,4.0,1.0,1.0,3.0,0.0,163.0,10.0,18.0,65.0,50.0,34.0,37.0,120.0,20.0,14.0,6.0,8.0,2.0,78.0,56.0,38.0,48.0,68.0,6.0,10.0,2.0,51.0,1.0,0.0,0.0,0.0,133.0,102.0,79.0,185.0,129.0,314.0,3.0,0.0,447.0,398.0,0.0,0.0,9.4369076192379,15.211580693721771,39.40972983837128,0.6446251180022955,8.113833516836166,13.765107095241547,13.683122396469116,6.715403497219086,7.347268611192703,3.2096490263938904,15.93867540359497,0.7090114057064056,19.455567002296448,2.6046067476272583,18.438075482845306,6.8831659853458405,5.264813080430031,54.0,0.48233574628829956,104.0,79.0,15.0,17.0,106.0,342.0,123.0,0.0,1167.0,455.0,5.0,5.0,7.0,53.0,13.0,100.32505,36.770286560058594,108374.7734375,2.246701240539551,0.0
65,2026-06-20T17:00:00Z,Group F,First Stage,43970,Sweden,SWE,3-5-2,400021472,35,151640,96',1.0,16.0,10.0,7.0,2.0,1.0,1.0,0.0,1.0,1.0,12.0,0.0,0.0,8.0,4.0,5.0,8.0,8.0,4.0,20.0,3.0,5.979833602905273,19.179582595825195,0.0,12.0,2.0,5.0,23.0,3.0,228.0,38.0,9.0,0.0,14182.0400390625,2307.919921875,45538.19921875,5715.93994140625,42308.80859375,175.0,258.0,13.0,5.0,8.0,8.0,15.0,40.0,37.0,12.0,9.0,12.0,14.0,13.0,0.2857142984867096,2.0,2.0,11.0,1.0,5.0,,0.0,1.0,0.0,1.0,3.0,0.0,168.0,4.0,18.0,62.0,42.0,33.0,40.0,110.0,17.0,12.0,10.0,13.0,0.0,89.0,56.0,47.0,67.0,99.0,2.0,7.0,0.0,63.0,1.0,0.0,0.0,0.0,92.0,149.0,92.0,211.0,122.0,333.0,3.0,0.0,438.0,377.0,0.0,0.0,13.765107095241547,10.30087098479271,33.520689606666565,0.9673903696238995,7.779300212860107,9.4369076192379,17.47792810201645,6.265442073345184,3.424149751663208,3.5340361297130585,24.4688019156456,0.22460806649178267,29.11369800567627,2.762679196894169,22.80224859714508,4.357396438717842,7.162362337112427,46.0,0.43314242362976074,106.0,108.0,12.0,20.0,178.0,252.0,198.0,0.0,1205.0,450.0,5.0,5.0,7.0,47.0,22.0,100.32505,36.46420669555664,110052.90625,1.2972222566604614,3.0
66,2026-06-20T20:00:00Z,Group E,First Stage,43948,Germany,GER,4-2-3-1,400021469,33,151634,98',2.0,16.0,9.0,2.0,1.0,1.0,1.0,1.0,0.0,2.0,11.0,0.0,0.0,9.0,6.0,7.0,7.0,7.0,1.0,28.0,5.0,6.593210220336914,13.700132369995117,0.0,15.0,4.0,8.0,20.0,4.0,293.0,59.0,7.0,0.0,18434.0703125,3195.56005859375,52958.75,7577.27978515625,43666.2421875,269.0,353.0,6.0,10.0,4.0,28.0,28.0,58.0,47.0,5.0,6.0,8.0,10.0,10.0,0.5,1.0,1.0,4.0,2.0,1.0,,0.0,2.0,0.0,2.0,1.0,0.0,190.0,7.0,11.0,70.0,61.0,50.0,52.0,151.0,22.0,13.0,6.0,9.0,6.0,98.0,77.0,62.0,74.0,91.0,3.0,8.0,4.0,67.0,1.0,0.0,0.0,0.0,102.0,108.0,118.0,186.0,142.0,328.0,0.0,0.0,634.0,578.0,0.0,0.0,10.942380875349045,16.879162192344666,31.981414556503296,1.131563913077116,10.58664470911026,16.224925220012665,23.124374449253082,5.6317925453186035,8.640173077583313,0.7170500699430704,15.130576491355896,0.7537172175943851,18.107596039772034,5.110570415854454,23.277606070041656,9.198161959648132,5.225625261664391,53.0,0.49518635869026184,149.0,136.0,12.0,15.0,215.0,444.0,230.0,0.0,1561.0,556.0,5.0,5.0,8.0,64.0,18.0,104.14993333333334,34.966773986816406,125831.8984375,2.4737229347229004,0.0
67,2026-06-20T20:00:00Z,Group E,First Stage,43854,Côte d'Ivoire,CIV,4-1-2-3,400021469,33,151634,98',0.0,9.0,16.0,7.0,4.0,0.0,0.0,1.0,0.0,3.0,5.0,0.0,0.0,5.0,1.0,2.0,2.0,4.0,1.0,50.0,2.0,5.929500579833984,19.381685256958008,0.0,30.0,2.0,3.0,12.0,4.0,316.0,57.0,5.0,0.0,13699.6904296875,2432.639892578125,46332.0703125,5275.759765625,45406.2890625,212.0,290.0,3.0,2.0,9.0,20.0,11.0,39.0,43.0,7.0,5.0,5.0,30.0,23.0,0.7142857313156128,5.0,5.0,7.0,1.0,2.0,,0.0,1.0,0.0,0.0,0.0,0.0,157.0,4.0,18.0,60.0,44.0,29.0,38.0,111.0,12.0,9.0,4.0,6.0,2.0,85.0,58.0,42.0,61.0,90.0,4.0,11.0,1.0,66.0,1.0,0.0,0.0,0.0,69.0,121.0,73.0,118.0,145.0,263.0,1.0,0.0,449.0,387.0,0.0,0.0,16.224925220012665,16.652068495750427,34.08488929271698,3.358745574951172,9.178240597248077,10.942380875349045,14.598539471626282,4.371058568358421,1.7739621922373772,5.203568562865257,32.6778382062912,0.6905290298163891,20.944738388061523,4.034143313765526,12.203298509120941,4.513486474752426,4.233576729893684,46.0,0.4117632508277893,96.0,91.0,9.0,26.0,169.0,274.0,195.0,0.0,1202.0,396.0,5.0,5.0,17.0,36.0,24.0,104.14993333333334,34.3645133972168,113146.453125,1.267691731452942,0.0
68,2026-06-21T00:00:00Z,Group E,First Stage,43927,Ecuador,ECU,3-5-2,400021465,34,151633,96',0.0,27.0,10.0,3.0,2.0,4.0,4.0,4.0,0.0,5.0,10.0,0.0,0.0,20.0,9.0,9.0,15.0,7.0,6.0,41.0,2.0,5.666748046875,8.1735258102417,1.0,31.0,1.0,9.0,33.0,12.0,155.0,49.0,10.0,0.0,12795.509765625,2245.60009765625,39867.94140625,5372.7099609375,43437.6796875,298.0,391.0,12.0,9.0,8.0,36.0,23.0,82.0,43.0,7.0,8.0,12.0,13.0,13.0,1.0,6.0,3.0,5.0,0.0,0.0,,0.0,0.0,0.0,8.0,2.0,0.0,208.0,14.0,14.0,54.0,40.0,24.0,26.0,152.0,31.0,19.0,7.0,12.0,5.0,123.0,93.0,74.0,90.0,109.0,9.0,7.0,3.0,85.0,1.0,0.0,0.0,0.0,113.0,201.0,160.0,278.0,196.0,474.0,1.0,0.0,663.0,601.0,0.0,0.0,10.458455234766006,15.259762108325958,40.805092453956604,0.9091691114008427,18.43850016593933,28.472259640693665,23.778599500656128,5.442742258310318,4.121873155236244,1.3856872916221619,2.9412273317575455,0.0,2.986237406730652,5.6418247520923615,18.662481009960175,6.7809224128723145,4.306726157665253,72.0,0.6580805778503418,186.0,149.0,19.0,39.0,189.0,495.0,228.0,0.0,1111.0,411.0,4.0,4.0,13.0,78.0,18.0,99.63458333333332,33.680015563964844,103719.4375,2.759162425994873,1.0
69,2026-06-21T00:00:00Z,Group E,First Stage,1895293,Curaçao,CUW,5-3-2,400021465,34,151633,96',0.0,10.0,27.0,15.0,1.0,1.0,0.0,0.0,0.0,0.0,8.0,0.0,1.0,4.0,1.0,5.0,3.0,6.0,2.0,31.0,1.0,5.796422004699707,20.392475128173828,1.0,15.0,1.0,0.0,1.0,0.0,345.0,50.0,7.0,0.0,12067.3603515625,2482.919921875,41476.5625,5190.7099609375,44894.359375,127.0,191.0,4.0,5.0,5.0,7.0,6.0,14.0,35.0,10.0,7.0,8.0,36.0,34.0,1.0,16.0,15.0,14.0,0.0,0.0,,0.0,0.0,0.0,0.0,1.0,0.0,140.0,4.0,23.0,58.0,26.0,22.0,31.0,63.0,9.0,1.0,0.0,3.0,2.0,73.0,36.0,31.0,44.0,70.0,0.0,4.0,1.0,45.0,1.0,0.0,0.0,0.0,48.0,70.0,35.0,77.0,76.0,153.0,2.0,0.0,237.0,167.0,0.0,0.0,28.472259640693665,8.467064797878265,17.482905089855194,4.72085177898407,7.402373850345612,10.458455234766006,8.602094650268555,0.6519869435578585,0.750903133302927,11.108803004026413,44.68088746070862,0.3621193813160062,20.462755858898163,3.5007741302251816,10.992816090583801,3.8508515805006027,7.4197180569171906,28.0,0.23411443829536438,52.0,72.0,2.0,20.0,146.0,80.0,166.0,0.0,1042.0,402.0,5.0,5.0,7.0,22.0,15.0,99.63458333333332,34.65265655517578,106111.90625,0.6282837390899658,5.0
70,2026-06-21T04:00:00Z,Group F,First Stage,43888,Tunisia,TUN,5-3-2,400021475,36,151639,97',0.0,2.0,10.0,4.0,1.0,1.0,0.0,0.0,0.0,1.0,0.0,0.0,0.0,1.0,0.0,1.0,0.0,1.0,0.0,13.0,6.0,6.136237144470215,22.128999710083008,0.0,7.0,3.0,3.0,9.0,1.0,233.0,35.0,15.0,0.0,13460.310546875,1822.22998046875,49322.0390625,5511.86962890625,42323.5703125,124.0,177.0,7.0,1.0,4.0,14.0,8.0,39.0,34.0,8.0,15.0,16.0,17.0,15.0,0.25,2.0,1.0,4.0,0.0,4.0,,0.0,0.0,0.0,0.0,1.0,0.0,142.0,8.0,19.0,62.0,37.0,27.0,35.0,73.0,13.0,6.0,0.0,1.0,4.0,67.0,30.0,18.0,36.0,65.0,4.0,6.0,2.0,39.0,1.0,0.0,0.0,0.0,74.0,132.0,114.0,191.0,129.0,320.0,1.0,0.0,376.0,305.0,0.0,0.0,14.362193644046783,11.117422580718994,41.15959703922272,0.9869215078651905,6.114524602890015,8.79078209400177,8.064355701208115,3.749866411089897,1.8958035856485367,5.81502690911293,29.027247428894043,0.6892066448926926,34.11572873592377,3.072308376431465,12.862640619277954,4.033314809203148,9.684611111879349,45.0,0.36430200934410095,95.0,46.0,8.0,16.0,117.0,233.0,133.0,0.0,1200.0,393.0,5.0,5.0,3.0,40.0,29.0,100.0289,34.80824279785156,112440.015625,0.024452127516269684,0.0
71,2026-06-21T04:00:00Z,Group F,First Stage,43819,Japan,JPN,3-4-3,400021475,36,151639,97',4.0,10.0,2.0,0.0,2.0,1.0,0.0,1.0,0.0,1.0,6.0,0.0,1.0,5.0,3.0,4.0,4.0,5.0,1.0,17.0,2.0,6.118229866027832,13.73746109008789,1.0,9.0,0.0,5.0,12.0,3.0,219.0,50.0,8.0,0.0,13613.9501953125,1973.0699462890625,47066.48046875,5255.51025390625,44318.16015625,200.0,261.0,10.0,2.0,6.0,17.0,35.0,58.0,35.0,15.0,8.0,9.0,8.0,7.0,0.0,1.0,0.0,5.0,4.0,0.0,,0.0,3.0,1.0,1.0,1.0,0.0,145.0,9.0,11.0,44.0,31.0,19.0,24.0,103.0,16.0,10.0,4.0,4.0,3.0,85.0,62.0,50.0,62.0,78.0,6.0,6.0,0.0,56.0,1.0,0.0,0.0,0.0,123.0,168.0,219.0,287.0,223.0,510.0,1.0,0.0,593.0,535.0,0.0,0.0,8.79078209400177,10.326451063156128,53.39021682739258,1.0425463318824768,9.849334508180618,14.362193644046783,10.928293317556381,3.290211781859398,3.622499108314514,1.4269489794969559,21.999119222164154,0.5282515194267035,25.26945173740387,4.918987303972244,16.30895882844925,5.725564807653427,4.27793487906456,55.0,0.5511602163314819,188.0,84.0,10.0,18.0,195.0,390.0,213.0,0.0,1132.0,409.0,5.0,5.0,7.0,60.0,23.0,100.0289,33.589027404785156,112227.171875,1.3561099767684937,0.0
72,2026-06-21T16:00:00Z,Group H,First Stage,43969,Spain,ESP,4-1-2-3,400021483,38,151651,99',3.0,22.0,3.0,2.0,2.0,3.0,1.0,1.0,0.0,4.0,11.0,0.0,1.0,13.0,6.0,12.0,8.0,9.0,2.0,25.0,10.0,6.109398365020752,9.491999626159668,1.0,13.0,9.0,6.0,28.0,7.0,214.0,30.0,2.0,0.0,14748.4296875,2533.050048828125,46694.51171875,5885.3203125,45664.71875,360.0,449.0,7.0,14.0,10.0,31.0,19.0,76.0,44.0,10.0,1.0,5.0,7.0,6.0,1.0,2.0,1.0,1.0,4.0,0.0,,0.0,3.0,0.0,1.0,3.0,0.0,234.0,12.0,15.0,63.0,53.0,35.0,36.0,188.0,27.0,18.0,6.0,9.0,6.0,144.0,117.0,94.0,111.0,120.0,7.0,11.0,5.0,86.0,1.0,0.0,0.0,0.0,190.0,167.0,188.0,327.0,218.0,545.0,2.0,0.0,743.0,688.0,0.0,0.0,10.967589914798737,18.78845989704132,36.189305782318115,0.862482376396656,12.004287540912628,17.922694981098175,26.92798674106598,9.39844623208046,8.432140946388245,0.7372964639216661,12.489951401948929,0.2193863969296217,15.075697004795074,4.128148406744003,20.645926892757416,5.313839763402939,3.4011557698249817,62.0,0.6315464377403259,199.0,174.0,20.0,19.0,256.0,525.0,275.0,0.0,1284.0,464.0,5.0,5.0,6.0,76.0,16.0,103.15696666666668,33.66006088256836,115526.03125,3.195056676864624,0.0
73,2026-06-21T16:00:00Z,Group H,First Stage,43835,Saudi Arabia,KSA,5-4-1,400021483,38,151651,99',0.0,3.0,22.0,8.0,0.0,0.0,0.0,0.0,0.0,3.0,0.0,0.0,0.0,0.0,0.0,1.0,2.0,3.0,2.0,19.0,5.0,6.079743385314941,20.436315536499023,0.0,16.0,3.0,1.0,4.0,0.0,413.0,34.0,10.0,0.0,17109.689453125,2260.68994140625,46729.6015625,6730.56005859375,42172.23046875,180.0,246.0,1.0,3.0,2.0,9.0,14.0,21.0,42.0,2.0,10.0,12.0,32.0,28.0,0.625,5.0,5.0,16.0,0.0,4.0,,0.0,0.0,0.0,0.0,2.0,0.0,152.0,11.0,13.0,61.0,36.0,26.0,37.0,90.0,18.0,7.0,4.0,7.0,0.0,73.0,47.0,37.0,49.0,92.0,3.0,7.0,0.0,53.0,1.0,0.0,0.0,0.0,64.0,108.0,71.0,144.0,99.0,243.0,3.0,1.0,389.0,309.0,0.0,0.0,17.922694981098175,12.764602899551392,26.10028088092804,1.7902599647641182,7.3347583413124084,10.967589914798737,10.783427208662033,4.259574040770531,3.430420160293579,5.923432484269142,35.447946190834045,0.31946804374456406,24.533194303512573,3.4377362579107285,17.99805760383606,5.156197771430016,7.085677981376648,38.0,0.2999038100242615,81.0,80.0,6.0,20.0,156.0,199.0,176.0,0.0,1526.0,520.0,5.0,5.0,8.0,24.0,15.0,103.15696666666668,33.74211502075195,115002.765625,0.11318372189998627,2.0
74,2026-06-21T19:00:00Z,Group G,First Stage,43935,Belgium,BEL,4-2-3-1,400021477,39,151646,96',0.0,23.0,7.0,3.0,6.0,2.0,1.0,4.0,0.0,4.0,11.0,0.0,1.0,18.0,6.0,9.0,7.0,5.0,1.0,33.0,5.0,6.082310676574707,10.464947700500488,1.0,26.0,4.0,4.0,35.0,8.0,121.0,13.0,9.0,1.0,15250.4599609375,1374.6600341796875,48855.4609375,5244.0498046875,41020.91015625,224.0,313.0,10.0,15.0,9.0,30.0,24.0,75.0,45.0,7.0,8.0,13.0,15.0,11.0,1.0,3.0,3.0,4.0,0.0,0.0,,0.0,0.0,0.0,1.0,4.0,0.0,207.0,8.0,17.0,57.0,34.0,25.0,32.0,139.0,23.0,11.0,1.0,4.0,11.0,127.0,94.0,79.0,91.0,87.0,4.0,5.0,6.0,59.0,1.0,0.0,0.0,0.0,178.0,154.0,180.0,299.0,213.0,512.0,3.0,0.0,637.0,562.0,0.0,0.0,9.36957448720932,16.685190796852112,41.52374863624573,0.11941614793613553,10.176907479763031,16.75751954317093,26.957735419273376,9.419562667608261,3.9931386709213257,2.5251921266317368,8.33660438656807,0.13082725927233696,23.964647948741913,1.0088236071169376,17.701147496700287,3.712587058544159,5.412307381629944,72.0,0.5920910239219666,188.0,136.0,11.0,24.0,148.0,510.0,172.0,1.0,1308.0,426.0,5.0,5.0,13.0,77.0,27.0,103.4321,34.3762321472168,111745.5390625,1.4811445474624634,1.0
75,2026-06-21T19:00:00Z,Group G,First Stage,43817,IR Iran,IRN,5-2-3,400021477,39,151646,96',0.0,7.0,23.0,7.0,1.0,1.0,2.0,0.0,0.0,1.0,3.0,0.0,0.0,6.0,2.0,3.0,3.0,1.0,1.0,9.0,3.0,5.9627275466918945,18.467313766479492,1.0,5.0,2.0,2.0,11.0,2.0,343.0,49.0,7.0,0.0,14950.7001953125,1415.110107421875,46036.5703125,5235.240234375,44939.9296875,93.0,156.0,4.0,4.0,3.0,9.0,4.0,22.0,43.0,9.0,5.0,10.0,34.0,30.0,1.0,7.0,7.0,12.0,0.0,0.0,,0.0,0.0,0.0,2.0,3.0,0.0,126.0,6.0,22.0,46.0,17.0,14.0,18.0,42.0,13.0,3.0,3.0,6.0,1.0,67.0,22.0,19.0,38.0,66.0,0.0,3.0,0.0,24.0,1.0,0.0,0.0,0.0,64.0,46.0,60.0,85.0,85.0,170.0,4.0,0.0,275.0,201.0,0.0,0.0,16.75751954317093,7.784222066402435,37.27559447288513,0.549474498257041,6.850812584161758,9.36957448720932,7.678106427192688,0.8744936436414719,2.737385593354702,7.919410616159439,45.94765901565552,0.7210898213088512,11.26277968287468,2.080596797168255,11.741020530462265,3.5677868872880936,5.398805066943169,27.0,0.3015001714229584,51.0,62.0,4.0,17.0,100.0,159.0,117.0,0.0,1304.0,425.0,5.0,5.0,3.0,23.0,8.0,103.4321,32.901615142822266,112577.546875,0.4758865237236023,1.0
76,2026-06-21T22:00:00Z,Group H,First Stage,43930,Uruguay,URU,4-1-2-3,400021487,37,151652,99',1.0,17.0,12.0,4.0,2.0,2.0,2.0,1.0,1.0,3.0,7.0,0.0,1.0,9.0,2.0,13.0,2.0,8.0,0.0,31.0,6.0,5.775912284851074,10.664338111877441,0.0,19.0,6.0,11.0,27.0,5.0,198.0,43.0,4.0,0.0,13640.73046875,2616.10986328125,43874.109375,6687.419921875,45960.03125,191.0,286.0,14.0,15.0,12.0,22.0,21.0,76.0,41.0,11.0,4.0,4.0,16.0,15.0,0.5,2.0,2.0,4.0,2.0,2.0,,0.0,2.0,0.0,4.0,0.0,0.0,169.0,6.0,11.0,42.0,29.0,18.0,25.0,112.0,28.0,16.0,7.0,12.0,10.0,99.0,67.0,50.0,72.0,91.0,3.0,8.0,6.0,56.0,1.0,0.0,0.0,0.0,150.0,110.0,121.0,214.0,167.0,381.0,3.0,0.0,517.0,444.0,0.0,0.0,12.28368878364563,12.963636219501495,43.98272633552551,1.6692446544766426,17.37903356552124,23.542024195194244,22.745533287525177,6.7226894199848175,8.195248246192932,1.8955476582050323,8.643007278442383,0.16081479843705893,12.909328937530518,5.626941099762917,15.748824179172516,3.8674380630254745,8.350375294685364,63.0,0.549121081829071,109.0,99.0,16.0,30.0,161.0,352.0,191.0,0.0,1178.0,529.0,3.0,3.0,5.0,74.0,30.0,106.52613333333333,34.88373565673828,112778.3984375,2.2250359058380127,2.0
77,2026-06-21T22:00:00Z,Group H,First Stage,43850,Cabo Verde,CPV,4-1-2-3,400021487,37,151652,99',0.0,12.0,17.0,2.0,4.0,4.0,1.0,0.0,3.0,1.0,3.0,0.0,0.0,3.0,1.0,3.0,4.0,9.0,3.0,29.0,5.0,5.504405498504639,14.431476593017578,0.0,21.0,2.0,4.0,8.0,2.0,233.0,39.0,10.0,0.0,11624.5107421875,1865.280029296875,43733.6796875,4741.66015625,45395.2421875,144.0,213.0,6.0,5.0,2.0,13.0,4.0,21.0,46.0,4.0,11.0,13.0,32.0,24.0,0.0,0.0,0.0,12.0,2.0,2.0,,1.0,0.0,2.0,1.0,3.0,0.0,147.0,6.0,24.0,72.0,38.0,29.0,42.0,71.0,10.0,2.0,2.0,4.0,0.0,65.0,31.0,22.0,35.0,84.0,0.0,9.0,0.0,47.0,1.0,0.0,0.0,0.0,56.0,108.0,91.0,141.0,114.0,255.0,0.0,0.0,293.0,218.0,0.0,0.0,23.542024195194244,11.419427394866943,18.850016593933105,2.065366506576538,7.272840291261673,12.28368878364563,8.255159109830856,2.397982031106949,2.1955549716949463,7.509420067071915,48.03541898727417,0.7183564826846123,14.6526038646698,1.2830760329961777,19.627287983894348,2.9398635029792786,8.49795863032341,36.0,0.3341948390007019,86.0,55.0,2.0,22.0,137.0,142.0,159.0,0.0,1013.0,369.0,5.0,5.0,14.0,26.0,19.0,106.52613333333333,34.953948974609375,107360.3671875,0.5434585809707642,2.0
78,2026-06-22T01:00:00Z,Group G,First Stage,43978,New Zealand,NZL,4-4-2,400021480,40,151645,101',1.0,11.0,19.0,7.0,3.0,0.0,1.0,2.0,0.0,4.0,4.0,0.0,0.0,6.0,5.0,2.0,5.0,5.0,0.0,23.0,2.0,6.210685729980469,16.027587890625,0.0,15.0,2.0,4.0,13.0,4.0,289.0,47.0,8.0,0.0,16623.458984375,2733.68994140625,49870.8203125,6769.0,42513.05078125,177.0,258.0,7.0,6.0,2.0,18.0,15.0,29.0,39.0,14.0,8.0,8.0,32.0,28.0,0.5714285969734192,4.0,4.0,10.0,1.0,3.0,,0.0,1.0,0.0,3.0,0.0,0.0,183.0,14.0,25.0,78.0,50.0,32.0,39.0,104.0,22.0,4.0,0.0,8.0,0.0,83.0,50.0,32.0,44.0,85.0,4.0,14.0,0.0,53.0,1.0,0.0,0.0,0.0,92.0,167.0,94.0,186.0,167.0,353.0,3.0,0.0,437.0,355.0,0.0,0.0,18.793106079101562,11.865945160388947,29.666754603385925,1.3276847079396248,6.2787748873233795,9.57883968949318,11.176255345344543,0.5572206806391478,2.0208261907100677,6.415251642465591,31.137409806251526,1.3070481829345226,20.929250121116638,3.573010489344597,13.811451196670532,4.715261235833168,6.807378679513931,44.0,0.39360353350639343,143.0,92.0,6.0,21.0,163.0,263.0,184.0,0.0,1448.0,491.0,5.0,5.0,6.0,38.0,21.0,104.21861666666666,34.60516357421875,118510.015625,0.7063329219818115,2.0
79,2026-06-22T01:00:00Z,Group G,First Stage,43855,Egypt,EGY,4-2-3-1,400021480,40,151645,101',3.0,19.0,11.0,5.0,3.0,1.0,1.0,4.0,0.0,3.0,8.0,0.0,0.0,12.0,6.0,8.0,7.0,7.0,1.0,17.0,15.0,6.204294204711914,12.91408920288086,0.0,10.0,15.0,3.0,20.0,6.0,249.0,45.0,14.0,0.0,16530.2109375,2691.199951171875,47517.05859375,7106.2900390625,44476.609375,197.0,270.0,7.0,11.0,8.0,22.0,25.0,67.0,51.0,8.0,13.0,17.0,22.0,20.0,0.800000011920929,4.0,4.0,3.0,3.0,1.0,,0.0,3.0,0.0,3.0,3.0,0.0,195.0,13.0,16.0,70.0,49.0,38.0,41.0,126.0,23.0,9.0,4.0,7.0,3.0,102.0,68.0,55.0,70.0,111.0,3.0,8.0,2.0,61.0,1.0,0.0,0.0,0.0,97.0,150.0,176.0,187.0,236.0,423.0,0.0,0.0,544.0,486.0,0.0,0.0,9.57883968949318,11.595546454191208,38.527536392211914,2.1021949127316475,12.14207336306572,18.837235867977142,22.784249484539032,5.381346866488457,5.218695849180222,3.094068355858326,11.33638471364975,0.4059966653585434,22.02216535806656,4.713091626763344,20.796382427215576,3.7434909492731094,5.783353373408318,56.0,0.5030442476272583,191.0,125.0,10.0,17.0,160.0,399.0,177.0,0.0,1383.0,540.0,6.0,6.0,5.0,62.0,23.0,104.21861666666666,34.443992614746094,118321.3671875,2.1002197265625,1.0
80,2026-06-22T17:00:00Z,Group J,First Stage,43922,Argentina,ARG,4-1-3-2,400021494,43,151664,98',1.0,12.0,6.0,1.0,3.0,1.0,1.0,1.0,1.0,3.0,4.0,1.0,0.0,10.0,5.0,4.0,5.0,2.0,0.0,14.0,4.0,5.4528937339782715,19.898221969604492,1.0,10.0,3.0,1.0,6.0,2.0,229.0,35.0,12.0,0.0,12144.2099609375,1764.070068359375,39531.97265625,4528.93994140625,46398.671875,265.0,319.0,9.0,9.0,2.0,17.0,13.0,44.0,41.0,13.0,12.0,12.0,13.0,10.0,1.0,1.0,1.0,6.0,2.0,0.0,,0.0,2.0,0.0,1.0,0.0,0.0,138.0,7.0,13.0,61.0,47.0,37.0,41.0,99.0,13.0,6.0,3.0,4.0,2.0,64.0,46.0,35.0,42.0,76.0,2.0,8.0,1.0,61.0,1.0,0.0,0.0,0.0,83.0,134.0,119.0,176.0,160.0,336.0,2.0,0.0,564.0,509.0,1.0,0.0,14.637403190135956,16.83218628168106,44.69897747039795,1.113391574472189,9.293893724679947,12.730659544467926,12.23185881972313,3.3992599695920944,4.343151301145554,2.4529926478862762,30.772116780281067,0.7938690483570099,22.018302977085114,3.144221752882004,11.27074509859085,2.2590888664126396,3.84114570915699,48.0,0.4816061556339264,160.0,93.0,7.0,21.0,180.0,386.0,201.0,0.0,1082.0,363.0,5.0,5.0,7.0,46.0,12.0,104.39223333333334,33.56721878051758,104367.859375,2.446485996246338,2.0
81,2026-06-22T17:00:00Z,Group J,First Stage,43934,Austria,AUT,4-2-3-1,400021494,43,151664,98',0.0,6.0,12.0,5.0,0.0,0.0,0.0,1.0,1.0,1.0,3.0,0.0,0.0,4.0,0.0,4.0,1.0,2.0,1.0,18.0,3.0,5.627683162689209,22.730022430419922,0.0,10.0,3.0,3.0,18.0,3.0,299.0,48.0,13.0,0.0,12805.3603515625,1743.080078125,44311.21875,4939.490234375,43972.62890625,167.0,235.0,11.0,10.0,6.0,21.0,11.0,53.0,31.0,13.0,11.0,15.0,17.0,14.0,0.5,3.0,2.0,4.0,0.0,2.0,,0.0,0.0,0.0,3.0,2.0,0.0,163.0,12.0,11.0,60.0,40.0,33.0,37.0,105.0,24.0,13.0,5.0,7.0,5.0,79.0,52.0,41.0,51.0,94.0,4.0,3.0,4.0,55.0,1.0,0.0,0.0,0.0,92.0,116.0,103.0,167.0,144.0,311.0,0.0,0.0,475.0,416.0,0.0,0.0,12.730659544467926,11.945541948080063,46.0269033908844,1.1951792985200882,9.78328064084053,14.637403190135956,16.44996702671051,3.55314277112484,5.911237746477127,1.5302295796573162,23.68246763944626,0.18869173945859075,29.22183871269226,5.1906779408454895,16.677501797676086,4.085010662674904,6.9747962057590485,52.0,0.4345850646495819,106.0,97.0,13.0,27.0,149.0,311.0,176.0,0.0,1131.0,403.0,5.0,5.0,5.0,54.0,20.0,104.39223333333334,34.02505874633789,107771.78125,0.6311601400375366,2.0
82,2026-06-22T21:00:00Z,Group I,First Stage,43946,France,FRA,4-2-3-1,400021492,42,151657,93',3.0,19.0,4.0,0.0,3.0,1.0,0.0,2.0,0.0,5.0,10.0,0.0,1.0,12.0,4.0,10.0,5.0,7.0,1.0,38.0,2.0,6.174409866333008,17.48895835876465,1.0,24.0,2.0,4.0,19.0,2.0,257.0,35.0,4.0,0.0,12838.83984375,1741.080078125,44197.3515625,4663.8701171875,44264.76953125,242.0,326.0,7.0,8.0,7.0,30.0,23.0,78.0,42.0,8.0,4.0,4.0,6.0,5.0,0.0,0.0,0.0,4.0,3.0,0.0,,0.0,2.0,1.0,3.0,0.0,0.0,184.0,6.0,12.0,44.0,36.0,25.0,26.0,143.0,28.0,21.0,6.0,7.0,15.0,112.0,86.0,64.0,79.0,99.0,4.0,7.0,11.0,72.0,1.0,0.0,0.0,0.0,100.0,107.0,155.0,194.0,168.0,362.0,1.0,0.0,604.0,553.0,0.0,0.0,9.76010337471962,16.678279638290405,39.35994505882263,1.2900657020509243,10.632110387086868,12.967105209827423,29.425641894340515,16.21713787317276,8.349312096834183,0.9217599406838417,6.611913442611694,0.4676381591707468,28.21168303489685,4.246026650071144,18.674099445343018,1.5051770024001598,4.355962574481964,61.0,0.4902721643447876,144.0,130.0,18.0,18.0,190.0,449.0,208.0,0.0,1113.0,374.0,5.0,5.0,16.0,67.0,17.0,95.43238333333333,34.654136657714844,107705.90625,2.2964553833007812,0.0
83,2026-06-22T21:00:00Z,Group I,First Stage,43818,Iraq,IRQ,4-2-3-1,400021492,42,151657,93',0.0,4.0,19.0,5.0,1.0,0.0,1.0,2.0,0.0,0.0,1.0,0.0,0.0,3.0,0.0,3.0,0.0,1.0,0.0,26.0,5.0,6.424453258514404,20.341901779174805,0.0,16.0,4.0,2.0,10.0,4.0,304.0,43.0,8.0,0.0,13895.8701171875,1530.0999755859375,50407.1171875,4462.18994140625,41791.58984375,189.0,252.0,2.0,4.0,3.0,10.0,8.0,19.0,37.0,4.0,8.0,9.0,27.0,23.0,0.4000000059604645,2.0,2.0,14.0,0.0,3.0,,0.0,0.0,0.0,1.0,1.0,0.0,171.0,9.0,18.0,76.0,51.0,40.0,49.0,101.0,14.0,6.0,4.0,5.0,0.0,81.0,44.0,33.0,54.0,87.0,2.0,9.0,0.0,55.0,1.0,0.0,0.0,0.0,142.0,200.0,140.0,298.0,184.0,482.0,0.0,0.0,502.0,431.0,0.0,0.0,12.95645385980606,14.656567573547363,43.7044620513916,0.2886786824092269,7.192912697792053,9.76010337471962,6.848395615816116,1.9301215186715126,1.2771252542734146,4.61459793150425,46.4503288269043,0.5952618084847927,21.99183702468872,1.3219191692769527,14.035536348819733,4.729245603084564,4.495291784405708,39.0,0.4427526295185089,147.0,64.0,6.0,14.0,136.0,359.0,150.0,0.0,1226.0,361.0,5.0,5.0,8.0,33.0,15.0,95.43238333333333,33.651912689208984,112086.875,0.7046368718147278,1.0
84,2026-06-23T00:00:00Z,Group I,First Stage,43961,Norway,NOR,4-1-2-3,400021491,41,151658,101',2.0,13.0,16.0,4.0,2.0,0.0,1.0,2.0,0.0,5.0,5.0,0.0,0.0,11.0,7.0,3.0,7.0,2.0,0.0,19.0,1.0,6.293795585632324,16.832054138183594,0.0,12.0,0.0,5.0,11.0,4.0,224.0,33.0,5.0,0.0,16586.08984375,2754.43994140625,49453.37109375,6451.27001953125,45010.37890625,188.0,246.0,7.0,3.0,7.0,6.0,20.0,32.0,32.0,13.0,4.0,9.0,24.0,20.0,0.5,3.0,2.0,10.0,3.0,2.0,,0.0,3.0,0.0,2.0,4.0,0.0,134.0,7.0,20.0,52.0,29.0,19.0,25.0,76.0,15.0,5.0,4.0,8.0,0.0,67.0,42.0,32.0,40.0,76.0,1.0,9.0,0.0,50.0,1.0,0.0,0.0,0.0,64.0,149.0,93.0,160.0,146.0,306.0,0.0,0.0,361.0,295.0,0.0,0.0,12.888787686824799,13.648995757102966,28.706178069114685,3.708849847316742,6.056544184684753,7.894796133041382,11.201368272304535,4.181122034788132,3.8826312869787216,8.15519466996193,32.2764128446579,0.2545618452131748,19.89862620830536,3.0220771208405495,12.573482096195221,7.205452024936676,5.842507630586624,45.0,0.4012046754360199,109.0,100.0,7.0,16.0,154.0,196.0,170.0,0.0,1429.0,508.0,5.0,5.0,7.0,34.0,16.0,104.24345,35.18845748901367,120255.546875,1.4993836879730225,0.0
85,2026-06-23T00:00:00Z,Group I,First Stage,43879,Senegal,SEN,4-3-3,400021491,41,151658,101',2.0,16.0,13.0,7.0,4.0,0.0,1.0,4.0,0.0,3.0,8.0,0.0,0.0,10.0,4.0,7.0,4.0,6.0,0.0,27.0,12.0,5.83807897567749,17.163421630859375,0.0,17.0,11.0,4.0,23.0,9.0,233.0,41.0,13.0,0.0,14731.669921875,2555.869873046875,45964.73828125,6116.41015625,41848.05078125,235.0,309.0,9.0,6.0,4.0,27.0,14.0,65.0,36.0,5.0,13.0,13.0,17.0,15.0,0.5,3.0,3.0,4.0,2.0,3.0,,0.0,2.0,0.0,2.0,0.0,0.0,162.0,7.0,17.0,53.0,35.0,23.0,29.0,116.0,21.0,12.0,7.0,12.0,2.0,88.0,69.0,55.0,62.0,86.0,3.0,9.0,2.0,60.0,1.0,0.0,0.0,0.0,114.0,106.0,132.0,196.0,156.0,352.0,4.0,0.0,504.0,447.0,0.0,0.0,7.894796133041382,13.700157403945923,37.76751458644867,1.1320116929709911,9.500587731599808,12.888787686824799,29.20590341091156,6.833849847316742,7.798471301794052,3.6855146288871765,8.252725750207901,0.5370885133743286,16.68715327978134,5.914653837680817,20.76255977153778,6.823161244392395,5.0123900175094604,54.0,0.5143474340438843,138.0,108.0,10.0,26.0,198.0,313.0,224.0,0.0,1244.0,474.0,5.0,5.0,8.0,66.0,20.0,104.24345,34.71166229248047,111216.7421875,2.0491294860839844,0.0
86,2026-06-23T03:00:00Z,Group J,First Stage,43820,Jordan,JOR,3-4-3,400021499,44,151663,98',1.0,8.0,17.0,8.0,0.0,0.0,0.0,0.0,0.0,3.0,4.0,0.0,0.0,4.0,2.0,3.0,4.0,4.0,2.0,29.0,4.0,6.250670909881592,17.738832473754883,0.0,13.0,3.0,1.0,7.0,2.0,355.0,76.0,6.0,0.0,16365.810546875,1998.800048828125,51328.4921875,5878.1201171875,41921.73046875,118.0,195.0,3.0,4.0,4.0,10.0,18.0,24.0,47.0,11.0,5.0,6.0,31.0,24.0,0.75,6.0,6.0,7.0,1.0,2.0,,0.0,1.0,0.0,1.0,0.0,0.0,160.0,12.0,19.0,70.0,40.0,27.0,39.0,89.0,20.0,12.0,4.0,7.0,1.0,70.0,37.0,23.0,38.0,91.0,7.0,6.0,1.0,48.0,1.0,0.0,0.0,0.0,53.0,96.0,47.0,98.0,98.0,196.0,1.0,0.0,270.0,201.0,0.0,0.0,27.84535586833954,8.115705847740173,17.79312491416931,4.664318263530731,9.632819890975952,12.587662041187286,7.379964739084244,2.977464534342289,1.8324198201298714,8.7525375187397,34.28260684013367,0.6334290374070406,21.421734988689423,3.772731125354767,17.581425607204437,3.281997889280319,7.751305401325226,40.0,0.2774956524372101,78.0,57.0,12.0,16.0,135.0,134.0,151.0,0.0,1449.0,449.0,5.0,5.0,10.0,23.0,28.0,102.48678333333334,34.58567428588867,117492.953125,0.3844226598739624,1.0
87,2026-06-23T03:00:00Z,Group J,First Stage,43843,Algeria,ALG,4-2-1-3,400021499,44,151663,98',1.0,17.0,8.0,4.0,3.0,0.0,2.0,0.0,0.0,0.0,10.0,0.0,1.0,12.0,5.0,5.0,8.0,5.0,3.0,39.0,7.0,6.189785957336426,9.117769241333008,0.0,24.0,6.0,10.0,20.0,4.0,199.0,48.0,11.0,0.0,15843.1796875,1896.1300048828125,48580.21875,6592.56005859375,43377.83203125,298.0,392.0,10.0,9.0,11.0,27.0,34.0,72.0,55.0,6.0,11.0,12.0,10.0,9.0,0.75,3.0,3.0,6.0,2.0,1.0,,0.0,2.0,0.0,4.0,1.0,0.0,179.0,9.0,15.0,49.0,33.0,22.0,25.0,118.0,31.0,19.0,10.0,15.0,7.0,99.0,66.0,50.0,68.0,117.0,4.0,7.0,5.0,77.0,1.0,0.0,0.0,0.0,147.0,177.0,144.0,284.0,184.0,468.0,0.0,0.0,661.0,590.0,0.0,0.0,12.587662041187286,16.257722675800323,41.500914096832275,0.3323762211948633,20.767322182655334,27.84535586833954,15.927955508232117,3.361155092716217,7.2498224675655365,1.9037675112485886,4.553263261914253,0.46677887439727783,8.008120954036713,2.31480672955513,17.95440763235092,7.107532769441605,6.26729279756546,60.0,0.6217132210731506,157.0,112.0,20.0,32.0,231.0,436.0,263.0,0.0,1363.0,499.0,5.0,5.0,11.0,77.0,23.0,102.48678333333334,33.46651840209961,116289.921875,2.0467827320098877,1.0
88,2026-06-23T17:00:00Z,Group K,First Stage,43963,Portugal,POR,4-2-3-1,400021503,47,151670,96',2.0,17.0,7.0,2.0,1.0,0.0,1.0,4.0,1.0,5.0,5.0,0.0,0.0,12.0,7.0,5.0,9.0,5.0,2.0,43.0,4.0,5.945958614349365,11.652397155761719,1.0,29.0,2.0,3.0,24.0,7.0,197.0,43.0,15.0,0.0,13816.1796875,2858.070068359375,44673.5,5996.97021484375,42858.390625,297.0,397.0,11.0,10.0,13.0,24.0,20.0,68.0,37.0,14.0,13.0,17.0,17.0,13.0,1.0,2.0,2.0,5.0,5.0,0.0,,1.0,3.0,1.0,0.0,2.0,0.0,214.0,12.0,20.0,70.0,51.0,36.0,38.0,158.0,32.0,19.0,10.0,16.0,4.0,112.0,88.0,69.0,76.0,109.0,5.0,10.0,4.0,73.0,1.0,0.0,0.0,0.0,132.0,181.0,125.0,262.0,176.0,438.0,2.0,0.0,639.0,577.0,0.0,0.0,10.512573271989822,20.666730403900146,32.97234773635864,1.8961364403367043,13.73182237148285,19.656626880168915,19.12612020969391,9.65832695364952,3.552718833088875,1.398015208542347,10.823507606983185,0.5377756431698799,18.893232941627502,5.61419241130352,19.82368230819702,4.907975345849991,6.164370477199554,58.0,0.5613174438476562,177.0,136.0,18.0,19.0,262.0,391.0,281.0,0.0,1207.0,459.0,5.0,5.0,17.0,65.0,20.0,101.25345,34.43593215942383,110203.109375,2.034804582595825,1.0
89,2026-06-23T17:00:00Z,Group K,First Stage,44005,Uzbekistan,UZB,3-4-3,400021503,47,151670,96',0.0,7.0,17.0,9.0,2.0,0.0,0.0,0.0,0.0,1.0,6.0,0.0,0.0,4.0,2.0,3.0,2.0,3.0,0.0,21.0,2.0,5.9134087562561035,18.42870330810547,0.0,12.0,1.0,2.0,8.0,0.0,338.0,44.0,14.0,0.0,15516.4501953125,2628.85009765625,43617.1796875,6491.72998046875,41367.53125,157.0,224.0,7.0,6.0,5.0,3.0,13.0,29.0,49.0,15.0,13.0,16.0,28.0,21.0,0.5,4.0,4.0,6.0,0.0,5.0,,0.0,0.0,0.0,0.0,2.0,0.0,137.0,7.0,18.0,53.0,29.0,23.0,28.0,70.0,13.0,3.0,2.0,5.0,1.0,71.0,38.0,32.0,45.0,78.0,1.0,5.0,0.0,40.0,1.0,0.0,0.0,0.0,61.0,137.0,84.0,149.0,133.0,282.0,2.0,1.0,347.0,278.0,0.0,0.0,19.656626880168915,10.920863598585129,27.06649601459503,2.3921744897961617,7.151941210031509,10.512573271989822,8.952110260725021,5.257732048630714,3.066769428551197,5.660552158951759,30.77753186225891,0.08478658855892718,23.641005158424377,4.705655574798584,17.630696296691895,5.100684240460396,7.805473357439041,42.0,0.34040015935897827,94.0,80.0,4.0,10.0,144.0,206.0,154.0,0.0,1317.0,504.0,5.0,5.0,8.0,35.0,16.0,101.25345,35.55962371826172,109621.7421875,0.4379754066467285,1.0
90,2026-06-23T20:00:00Z,Group L,First Stage,43942,England,ENG,4-2-3-1,400021506,45,151676,97',0.0,19.0,2.0,0.0,2.0,0.0,2.0,4.0,0.0,4.0,6.0,0.0,1.0,14.0,1.0,12.0,3.0,5.0,2.0,31.0,8.0,5.7673516273498535,7.921466827392578,1.0,21.0,6.0,9.0,32.0,8.0,105.0,39.0,24.0,0.0,12617.859375,2336.93994140625,42909.69921875,5134.509765625,45277.7734375,280.0,359.0,11.0,5.0,8.0,31.0,30.0,84.0,25.0,14.0,24.0,26.0,7.0,3.0,0.0,0.0,0.0,1.0,0.0,0.0,,0.0,0.0,0.0,7.0,2.0,0.0,172.0,8.0,12.0,56.0,46.0,34.0,36.0,127.0,23.0,16.0,5.0,9.0,6.0,93.0,65.0,49.0,67.0,90.0,7.0,5.0,4.0,65.0,1.0,0.0,0.0,0.0,119.0,173.0,197.0,246.0,243.0,489.0,2.0,0.0,652.0,605.0,0.0,0.0,5.008042976260185,16.51398241519928,49.99698996543884,0.2795626875013113,14.598892629146576,23.609600961208344,22.764143347740173,5.861310660839081,8.969617635011673,0.5935330875217915,6.277040392160416,0.7057743147015572,15.790490806102753,2.182582765817642,18.99391859769821,7.84086212515831,6.780040264129639,64.0,0.7236740589141846,201.0,91.0,14.0,22.0,209.0,456.0,231.0,0.0,1094.0,419.0,5.0,5.0,10.0,82.0,22.0,102.4226,33.96930694580078,108276.78125,1.7811332941055298,1.0
91,2026-06-23T20:00:00Z,Group L,First Stage,43860,Ghana,GHA,4-4-2,400021506,45,151676,97',0.0,2.0,19.0,3.0,1.0,0.0,0.0,0.0,0.0,1.0,1.0,0.0,0.0,2.0,0.0,0.0,0.0,0.0,0.0,11.0,5.0,5.6361002922058105,22.46554946899414,1.0,4.0,4.0,2.0,5.0,0.0,298.0,50.0,14.0,0.0,12227.1796875,1692.9500732421875,43681.55859375,4289.7900390625,43967.84765625,66.0,105.0,0.0,1.0,2.0,6.0,7.0,13.0,31.0,24.0,14.0,16.0,24.0,21.0,1.0,3.0,3.0,12.0,0.0,0.0,,0.0,0.0,0.0,0.0,2.0,0.0,106.0,9.0,19.0,42.0,23.0,11.0,14.0,52.0,14.0,6.0,2.0,3.0,2.0,50.0,23.0,10.0,20.0,45.0,3.0,9.0,1.0,18.0,1.0,0.0,0.0,0.0,40.0,21.0,33.0,53.0,41.0,94.0,2.0,0.0,179.0,128.0,0.0,0.0,23.609600961208344,12.24711760878563,18.620839715003967,5.638943240046501,4.1005391627550125,5.008042976260185,6.66860044002533,2.373272180557251,1.7281275242567062,15.159645676612854,47.98843860626221,0.5126749631017447,23.887555301189423,3.632594272494316,10.905662924051285,1.9053271040320396,9.769656509160995,36.0,0.20000509917736053,25.0,36.0,8.0,13.0,63.0,95.0,76.0,0.0,1068.0,360.0,4.0,4.0,2.0,18.0,9.0,102.4226,35.1153678894043,105859.328125,0.34417539834976196,1.0
92,2026-06-23T23:00:00Z,Group L,First Stage,43914,Panama,PAN,3-4-3,400021511,46,151675,96',0.0,8.0,6.0,2.0,2.0,1.0,1.0,2.0,1.0,1.0,2.0,0.0,0.0,6.0,1.0,4.0,1.0,2.0,0.0,24.0,8.0,6.016069412231445,16.89381217956543,0.0,13.0,5.0,7.0,27.0,6.0,269.0,58.0,12.0,0.0,14161.0,2648.860107421875,45893.640625,5789.10009765625,39677.55078125,169.0,248.0,3.0,5.0,7.0,19.0,20.0,44.0,44.0,19.0,12.0,14.0,10.0,8.0,1.0,2.0,1.0,6.0,0.0,1.0,,0.0,0.0,0.0,2.0,2.0,0.0,168.0,7.0,29.0,66.0,41.0,25.0,30.0,99.0,16.0,10.0,6.0,6.0,3.0,86.0,48.0,31.0,47.0,102.0,3.0,13.0,1.0,66.0,1.0,0.0,0.0,0.0,75.0,107.0,92.0,120.0,154.0,274.0,1.0,0.0,356.0,282.0,0.0,0.0,18.68302822113037,10.331740230321884,26.60340964794159,2.0161231979727745,7.844621688127518,13.31557184457779,17.279018461704254,3.184070438146591,3.563535213470459,4.801312834024429,37.89801001548767,0.128170195966959,20.754487812519073,2.7793757617473602,17.747022211551666,3.9359349757432938,7.953199744224548,41.0,0.37155935168266296,101.0,93.0,13.0,22.0,159.0,208.0,181.0,0.0,1218.0,436.0,4.0,4.0,11.0,44.0,14.0,98.11501666666666,34.10335922241211,108170.1484375,0.6947672963142395,1.0
93,2026-06-23T23:00:00Z,Group L,First Stage,43938,Croatia,CRO,4-2-3-1,400021511,46,151675,96',1.0,6.0,8.0,1.0,0.0,0.0,0.0,2.0,1.0,0.0,2.0,0.0,1.0,4.0,2.0,4.0,2.0,2.0,0.0,19.0,6.0,6.11001443862915,13.191193580627441,1.0,18.0,4.0,2.0,18.0,4.0,236.0,51.0,19.0,0.0,14223.849609375,2960.070068359375,44483.62890625,6949.669921875,41421.55078125,201.0,269.0,4.0,7.0,4.0,15.0,20.0,52.0,47.0,12.0,17.0,20.0,14.0,12.0,1.0,3.0,1.0,8.0,1.0,0.0,,0.0,1.0,0.0,1.0,1.0,0.0,162.0,9.0,19.0,44.0,23.0,12.0,16.0,96.0,28.0,16.0,6.0,9.0,10.0,90.0,57.0,39.0,52.0,82.0,3.0,8.0,7.0,46.0,1.0,0.0,0.0,0.0,141.0,82.0,118.0,197.0,144.0,341.0,2.0,0.0,518.0,445.0,0.0,0.0,13.31557184457779,13.450805842876434,45.528677105903625,1.429047156125307,12.504816055297852,18.68302822113037,10.75519472360611,4.32189479470253,4.89833764731884,3.4222450107336044,19.6589857339859,0.45373477041721344,13.044160604476929,4.804166406393051,16.117149591445923,8.586715906858444,4.569721594452858,58.0,0.524761438369751,122.0,83.0,15.0,20.0,138.0,372.0,158.0,0.0,1222.0,508.0,5.0,5.0,12.0,56.0,14.0,98.11501666666666,33.678733825683594,110038.765625,0.9437528252601624,1.0
94,2026-06-24T02:00:00Z,Group K,First Stage,43926,Colombia,COL,4-1-2-3,400021501,48,151669,97',1.0,20.0,7.0,1.0,4.0,2.0,1.0,1.0,1.0,3.0,9.0,0.0,2.0,11.0,5.0,6.0,9.0,9.0,4.0,14.0,16.0,5.602659702301025,11.252545356750488,1.0,10.0,15.0,5.0,14.0,2.0,155.0,31.0,16.0,0.0,12979.240234375,1899.4100341796875,39397.78125,4969.51025390625,44730.2890625,227.0,299.0,10.0,5.0,5.0,24.0,10.0,65.0,40.0,12.0,15.0,16.0,10.0,11.0,1.0,2.0,1.0,11.0,1.0,0.0,,0.0,1.0,0.0,2.0,0.0,0.0,167.0,12.0,21.0,61.0,47.0,28.0,28.0,121.0,20.0,10.0,2.0,6.0,2.0,86.0,64.0,44.0,51.0,80.0,7.0,12.0,1.0,57.0,1.0,0.0,0.0,0.0,136.0,176.0,141.0,196.0,257.0,453.0,7.0,0.0,548.0,475.0,0.0,0.0,9.043809026479721,16.961392760276794,44.59792077541351,1.1262251995503902,10.245170444250107,14.04760628938675,18.271654844284058,9.903664886951447,5.13787642121315,2.8905780985951424,7.067978382110596,0.0,21.103692054748535,3.03617250174284,14.624924957752228,2.922337129712105,5.031006038188934,54.0,0.5849639177322388,161.0,98.0,14.0,23.0,150.0,388.0,173.0,0.0,1122.0,381.0,3.0,3.0,6.0,66.0,13.0,101.16931666666667,32.75263214111328,103976.234375,1.5449124574661255,2.0
95,2026-06-24T02:00:00Z,Group K,First Stage,20014,Congo DR,COD,5-3-2,400021501,48,151669,97',0.0,7.0,20.0,9.0,1.0,0.0,2.0,0.0,0.0,1.0,4.0,0.0,0.0,3.0,0.0,4.0,1.0,4.0,1.0,10.0,4.0,5.7233428955078125,18.82036590576172,0.0,2.0,2.0,4.0,13.0,4.0,300.0,47.0,12.0,0.0,13782.4404296875,1769.56005859375,41433.66015625,5143.8095703125,43886.26953125,114.0,177.0,8.0,0.0,1.0,13.0,6.0,31.0,40.0,16.0,11.0,19.0,26.0,24.0,0.8888888955116272,8.0,8.0,11.0,0.0,1.0,,0.0,0.0,0.0,1.0,7.0,0.0,138.0,9.0,23.0,66.0,35.0,25.0,34.0,63.0,13.0,6.0,2.0,4.0,0.0,59.0,22.0,12.0,27.0,67.0,4.0,6.0,0.0,35.0,1.0,0.0,0.0,0.0,63.0,139.0,66.0,152.0,116.0,268.0,0.0,0.0,315.0,236.0,0.0,0.0,14.04760628938675,9.952937066555023,28.711962699890137,1.8264606595039368,6.477295607328415,9.043809026479721,10.715802758932114,3.303660824894905,3.001600317656994,6.544676423072815,30.052009224891663,0.4070814233273268,25.991198420524597,3.666733205318451,14.373821020126343,4.733946919441223,9.686188399791718,45.0,0.32883673906326294,87.0,58.0,4.0,16.0,123.0,169.0,139.0,0.0,1169.0,394.0,5.0,5.0,1.0,34.0,20.0,101.16931666666667,33.228511810302734,106015.7421875,0.42325571179389954,1.0
96,2026-06-24T19:00:00Z,Group B,First Stage,43971,Switzerland,SUI,4-4-2,400021451,51,151617,97',2.0,6.0,13.0,7.0,1.0,0.0,0.0,1.0,1.0,1.0,2.0,0.0,1.0,5.0,4.0,1.0,4.0,1.0,0.0,16.0,9.0,5.959181785583496,9.98594856262207,0.0,11.0,8.0,2.0,8.0,1.0,216.0,50.0,12.0,0.0,14787.1103515625,1979.090087890625,43415.5703125,5218.5,44483.0703125,231.0,309.0,4.0,3.0,6.0,12.0,9.0,36.0,49.0,19.0,13.0,15.0,18.0,17.0,0.8571428656578064,6.0,6.0,13.0,2.0,1.0,,0.0,2.0,0.0,0.0,3.0,0.0,197.0,14.0,27.0,97.0,68.0,50.0,56.0,115.0,19.0,6.0,2.0,4.0,1.0,81.0,41.0,23.0,39.0,130.0,4.0,14.0,0.0,69.0,1.0,0.0,0.0,0.0,72.0,117.0,85.0,156.0,118.0,274.0,1.0,0.0,471.0,389.0,0.0,0.0,17.1806663274765,14.303667843341827,35.779500007629395,0.6813617423176765,11.470980942249298,15.733389556407928,6.419339030981064,2.8050849214196205,2.5979679077863693,3.5226278007030487,20.04532516002655,1.3462606817483902,18.900178372859955,2.6670068502426147,18.91302466392517,5.188431590795517,6.8702951073646545,50.0,0.4879228174686432,101.0,65.0,8.0,31.0,166.0,261.0,197.0,0.0,1280.0,433.0,5.0,5.0,5.0,40.0,25.0,100.4414,34.314491271972656,109883.3359375,1.683428406715393,1.0
97,2026-06-24T19:00:00Z,Group B,First Stage,43899,Canada,CAN,4-4-2,400021451,51,151617,97',1.0,13.0,6.0,4.0,0.0,0.0,0.0,5.0,0.0,1.0,6.0,0.0,0.0,11.0,7.0,6.0,7.0,2.0,0.0,21.0,10.0,6.222206115722656,14.546274185180664,0.0,13.0,8.0,7.0,26.0,8.0,299.0,44.0,19.0,0.0,16964.9609375,2657.72998046875,46534.30078125,7074.52978515625,41399.8515625,160.0,240.0,8.0,9.0,8.0,19.0,19.0,60.0,50.0,13.0,19.0,20.0,13.0,10.0,0.5,2.0,2.0,5.0,1.0,2.0,,0.0,1.0,0.0,4.0,1.0,0.0,165.0,9.0,21.0,57.0,33.0,22.0,27.0,102.0,16.0,7.0,3.0,6.0,1.0,92.0,62.0,50.0,61.0,96.0,3.0,8.0,1.0,62.0,1.0,0.0,0.0,0.0,92.0,86.0,70.0,145.0,103.0,248.0,3.0,0.0,353.0,275.0,0.0,0.0,15.733389556407928,11.759144067764282,25.772562623023987,1.4468174427747726,11.038552969694138,17.1806663274765,15.032494068145752,14.39238041639328,9.651187062263489,4.2594064027071,4.512019455432892,0.4755978938192129,27.149739861488342,5.1120612770318985,21.6182142496109,3.5903945565223694,12.68816888332367,50.0,0.4009631276130676,83.0,91.0,8.0,22.0,142.0,206.0,164.0,0.0,1438.0,553.0,5.0,5.0,5.0,60.0,27.0,100.4414,35.22618103027344,114631.375,1.610325813293457,2.0
98,2026-06-24T19:00:00Z,Group B,First Stage,44037,Bosnia and Herzegovina,BIH,4-4-2,400021448,52,151618,97',2.0,14.0,9.0,3.0,3.0,2.0,0.0,0.0,1.0,2.0,9.0,0.0,0.0,4.0,1.0,6.0,5.0,10.0,4.0,29.0,5.0,6.1131062507629395,14.55890941619873,0.0,20.0,4.0,5.0,25.0,3.0,248.0,41.0,14.0,0.0,13447.1103515625,2110.820068359375,46918.921875,5528.1201171875,45841.80859375,192.0,271.0,14.0,5.0,0.0,17.0,20.0,53.0,43.0,9.0,14.0,17.0,22.0,16.0,0.6666666865348816,2.0,2.0,8.0,3.0,1.0,,0.0,1.0,1.0,1.0,3.0,0.0,156.0,6.0,17.0,67.0,50.0,41.0,44.0,109.0,13.0,8.0,5.0,6.0,1.0,76.0,51.0,41.0,52.0,78.0,2.0,7.0,1.0,55.0,1.0,0.0,0.0,0.0,110.0,128.0,131.0,202.0,167.0,369.0,1.0,0.0,521.0,461.0,0.0,0.0,9.867258369922638,14.198824763298035,42.934492230415344,0.39658076129853725,8.631297945976257,10.346303880214691,11.64262518286705,4.06121164560318,6.685096770524979,2.823326364159584,24.166657030582428,0.2740094671025872,16.615493595600128,5.553584918379784,19.908149540424347,4.364579543471336,5.006575584411621,59.0,0.48682060837745667,125.0,72.0,8.0,21.0,150.0,371.0,171.0,0.0,1139.0,425.0,5.0,5.0,11.0,56.0,12.0,101.49373333333332,34.428955078125,113846.78125,0.7684771418571472,1.0
99,2026-06-24T19:00:00Z,Group B,First Stage,43834,Qatar,QAT,4-1-2-3,400021448,52,151618,97',1.0,9.0,14.0,5.0,0.0,0.0,1.0,1.0,0.0,0.0,6.0,0.0,0.0,5.0,2.0,6.0,3.0,4.0,1.0,13.0,6.0,5.917687892913818,21.052518844604492,0.0,8.0,6.0,5.0,18.0,8.0,264.0,37.0,9.0,0.0,15513.830078125,1527.969970703125,43773.5078125,5370.64013671875,43857.69140625,200.0,272.0,6.0,3.0,8.0,16.0,9.0,44.0,42.0,14.0,8.0,10.0,20.0,17.0,0.6000000238418579,4.0,3.0,9.0,1.0,3.0,,0.0,1.0,0.0,1.0,1.0,0.0,209.0,24.0,19.0,84.0,51.0,36.0,41.0,113.0,38.0,14.0,6.0,13.0,1.0,87.0,48.0,33.0,43.0,129.0,8.0,7.0,0.0,60.0,1.0,0.0,0.0,0.0,83.0,149.0,101.0,201.0,132.0,333.0,3.0,1.0,457.0,388.0,0.0,0.0,10.346303880214691,15.981847047805786,33.17104876041412,1.6195917502045631,8.168947696685791,9.867258369922638,15.975730121135712,7.8874364495277405,5.34253902733326,4.897919297218323,19.249579310417175,0.24760612286627293,29.363414645195007,3.705872595310211,17.969638109207153,3.817860409617424,8.195818960666656,41.0,0.42569395899772644,140.0,73.0,14.0,15.0,172.0,281.0,187.0,0.0,1349.0,413.0,5.0,5.0,4.0,44.0,18.0,101.49373333333332,33.44611740112305,110043.640625,1.1653871536254883,1.0
100,2026-06-24T22:00:00Z,Group C,First Stage,43967,Scotland,SCO,4-2-3-1,400021455,49,151624,97',0.0,14.0,21.0,9.0,4.0,0.0,1.0,5.0,1.0,3.0,4.0,0.0,0.0,10.0,4.0,2.0,5.0,4.0,1.0,15.0,4.0,5.999672889709473,23.30157470703125,0.0,10.0,3.0,7.0,24.0,10.0,241.0,34.0,10.0,0.0,12461.939453125,1714.489990234375,48383.1015625,4425.89990234375,46259.80859375,177.0,235.0,6.0,7.0,12.0,16.0,16.0,47.0,33.0,10.0,10.0,11.0,30.0,27.0,0.625,5.0,5.0,11.0,0.0,3.0,,0.0,0.0,0.0,3.0,1.0,0.0,168.0,8.0,15.0,73.0,55.0,44.0,50.0,113.0,12.0,7.0,3.0,3.0,1.0,83.0,51.0,39.0,59.0,66.0,3.0,8.0,1.0,40.0,1.0,0.0,0.0,0.0,70.0,146.0,141.0,201.0,156.0,357.0,0.0,0.0,520.0,466.0,0.0,0.0,5.788198485970497,15.45165330171585,47.14723825454712,0.45814146287739277,5.679454654455185,9.233687818050385,11.578693240880966,5.02561442553997,2.270626276731491,3.4871570765972137,29.224443435668945,0.44584390707314014,31.374701857566833,1.9547801464796066,15.475766360759735,4.454587399959564,5.448324233293533,49.0,0.4297011196613312,163.0,80.0,6.0,20.0,147.0,369.0,167.0,0.0,1092.0,345.0,5.0,5.0,2.0,49.0,16.0,102.90988333333334,34.29528045654297,113245.2421875,0.6854901909828186,1.0
101,2026-06-24T22:00:00Z,Group C,First Stage,43924,Brazil,BRA,4-3-3,400021455,49,151624,97',3.0,21.0,14.0,5.0,5.0,3.0,1.0,3.0,0.0,3.0,11.0,0.0,0.0,14.0,8.0,7.0,9.0,7.0,1.0,20.0,0.0,5.8663153648376465,19.236879348754883,1.0,14.0,0.0,6.0,13.0,4.0,227.0,24.0,10.0,0.0,12418.8603515625,1993.52001953125,44576.859375,4202.43017578125,47491.78125,190.0,252.0,11.0,10.0,10.0,25.0,18.0,50.0,28.0,11.0,10.0,10.0,16.0,16.0,1.0,5.0,5.0,4.0,3.0,0.0,,0.0,3.0,0.0,1.0,0.0,0.0,165.0,4.0,14.0,56.0,45.0,34.0,38.0,122.0,18.0,9.0,3.0,6.0,8.0,91.0,68.0,53.0,65.0,70.0,2.0,9.0,4.0,42.0,1.0,0.0,0.0,0.0,88.0,146.0,149.0,222.0,161.0,383.0,1.0,0.0,615.0,571.0,0.0,0.0,9.233687818050385,13.363762199878693,48.73661398887634,1.6755256801843643,4.124421626329422,5.788198485970497,14.04263973236084,8.222433924674988,4.506780207157135,1.1093135923147202,25.008323788642883,1.001251582056284,27.963852882385254,2.353859692811966,18.056197464466095,1.633923128247261,3.5109005868434906,51.0,0.5105892419815063,166.0,98.0,12.0,13.0,132.0,499.0,145.0,0.0,1090.0,344.0,5.0,5.0,10.0,51.0,10.0,102.90988333333334,34.19873046875,110683.4453125,3.7831363677978516,2.0
102,2026-06-24T22:00:00Z,Group C,First Stage,43872,Morocco,MAR,4-2-3-1,400021452,50,151623,99',3.0,22.0,9.0,2.0,4.0,0.0,2.0,5.0,2.0,4.0,6.0,0.0,1.0,15.0,8.0,5.0,11.0,7.0,3.0,39.0,10.0,5.906345367431641,11.4056396484375,0.0,23.0,8.0,9.0,31.0,12.0,172.0,57.0,18.0,0.0,14902.0205078125,2752.33984375,43402.1484375,6779.4296875,43337.5390625,291.0,394.0,10.0,5.0,2.0,15.0,22.0,68.0,38.0,10.0,18.0,18.0,13.0,13.0,0.5,2.0,1.0,3.0,4.0,2.0,,0.0,4.0,0.0,4.0,0.0,0.0,192.0,11.0,17.0,81.0,72.0,50.0,53.0,157.0,26.0,19.0,8.0,13.0,2.0,85.0,66.0,43.0,55.0,126.0,10.0,12.0,1.0,104.0,1.0,0.0,0.0,0.0,153.0,200.0,163.0,269.0,247.0,516.0,5.0,1.0,557.0,495.0,0.0,0.0,10.612035542726517,16.30171090364456,35.22597253322601,2.019813470542431,14.6532341837883,22.74240553379059,19.818751513957977,3.3988114446401596,10.027364641427994,1.139217521995306,5.160964280366898,0.17778397304937243,21.801196038722992,5.873843282461166,20.847894251346588,5.17316497862339,9.083817154169083,62.0,0.6006405353546143,193.0,114.0,22.0,25.0,257.0,312.0,282.0,0.0,1274.0,528.0,5.0,5.0,13.0,71.0,25.0,103.18876666666667,34.38883590698242,111173.484375,2.1202456951141357,1.0
103,2026-06-24T22:00:00Z,Group C,First Stage,43908,Haiti,HAI,4-4-2,400021452,50,151623,99',1.0,9.0,22.0,11.0,3.0,1.0,1.0,1.0,3.0,0.0,3.0,0.0,0.0,4.0,0.0,3.0,2.0,5.0,2.0,32.0,1.0,5.724727153778076,15.410603523254395,0.0,19.0,1.0,1.0,3.0,2.0,331.0,50.0,10.0,0.0,14321.4501953125,2498.699951171875,41828.8515625,5876.89990234375,43005.44921875,96.0,148.0,6.0,5.0,3.0,9.0,3.0,28.0,50.0,18.0,10.0,15.0,29.0,27.0,0.6363636255264282,9.0,7.0,8.0,2.0,4.0,,0.0,0.0,1.0,1.0,5.0,0.0,117.0,6.0,22.0,51.0,30.0,15.0,23.0,65.0,10.0,3.0,2.0,4.0,0.0,56.0,32.0,17.0,28.0,63.0,1.0,14.0,0.0,39.0,1.0,0.0,0.0,0.0,37.0,85.0,43.0,80.0,85.0,165.0,0.0,0.0,265.0,212.0,0.0,0.0,22.74240553379059,11.329370737075806,28.59707474708557,1.9103063270449638,7.23392441868782,10.612035542726517,7.385006546974182,2.793540805578232,6.049821898341179,7.690028101205826,19.863635301589966,0.7224305998533964,33.20509195327759,4.6370211988687515,13.60047459602356,4.41366620361805,6.680843234062195,38.0,0.31491735577583313,51.0,54.0,1.0,19.0,98.0,167.0,117.0,0.0,1236.0,446.0,5.0,5.0,13.0,29.0,15.0,103.18876666666667,33.85331344604492,107531.3515625,0.6743919849395752,2.0
104,2026-06-25T01:00:00Z,Group A,First Stage,43995,Czechia,CZE,5-2-3,400021444,53,151611,97',0.0,13.0,11.0,5.0,3.0,2.0,0.0,2.0,0.0,7.0,2.0,0.0,0.0,6.0,1.0,8.0,1.0,7.0,0.0,18.0,4.0,6.088870525360107,17.59011459350586,0.0,8.0,3.0,5.0,20.0,4.0,213.0,27.0,13.0,0.0,15724.259765625,1625.280029296875,46676.859375,5280.97998046875,42297.109375,162.0,229.0,10.0,5.0,1.0,13.0,17.0,45.0,38.0,9.0,12.0,13.0,18.0,15.0,0.4000000059604645,3.0,2.0,11.0,0.0,3.0,,0.0,0.0,0.0,1.0,0.0,0.0,163.0,10.0,19.0,64.0,47.0,33.0,35.0,100.0,15.0,6.0,1.0,2.0,3.0,84.0,47.0,31.0,52.0,89.0,3.0,11.0,2.0,64.0,1.0,0.0,0.0,0.0,74.0,120.0,88.0,144.0,138.0,282.0,1.0,0.0,423.0,352.0,0.0,0.0,9.749901294708252,11.016016453504562,42.878103256225586,0.2907174173742533,7.165574282407761,11.700019240379333,14.035946130752563,4.383990541100502,6.634700298309326,5.106573924422264,19.195860624313354,0.13577649369835854,23.907671868801117,4.206624999642372,21.530748903751373,4.561356455087662,8.519107103347778,45.0,0.44708603620529175,93.0,70.0,7.0,16.0,105.0,310.0,121.0,0.0,1330.0,401.0,5.0,5.0,6.0,47.0,20.0,100.11358333333334,32.99546813964844,111604.4921875,0.4430007040500641,0.0
105,2026-06-25T01:00:00Z,Group A,First Stage,43911,Mexico,MEX,4-1-2-3,400021444,53,151611,97',3.0,11.0,13.0,1.0,2.0,1.0,0.0,1.0,0.0,2.0,7.0,0.0,0.0,9.0,5.0,4.0,5.0,2.0,0.0,14.0,5.0,6.246659278869629,15.174659729003906,1.0,8.0,4.0,1.0,14.0,2.0,233.0,23.0,9.0,0.0,16098.1796875,1799.0699462890625,47637.33203125,5523.8798828125,43593.08984375,208.0,270.0,11.0,3.0,3.0,11.0,15.0,50.0,35.0,13.0,10.0,10.0,16.0,14.0,1.0,1.0,1.0,11.0,3.0,0.0,,0.0,3.0,0.0,1.0,1.0,0.0,142.0,9.0,20.0,55.0,34.0,23.0,26.0,85.0,14.0,5.0,2.0,3.0,2.0,73.0,46.0,34.0,42.0,78.0,2.0,9.0,1.0,50.0,1.0,0.0,0.0,0.0,109.0,199.0,136.0,244.0,200.0,444.0,0.0,0.0,394.0,340.0,0.0,0.0,11.700019240379333,16.173304617404938,34.09702479839325,0.5198649596422911,8.580239117145538,9.749901294708252,14.662638306617737,5.02098873257637,7.7447667717933655,4.9185339361429214,14.66628611087799,0.40211379528045654,23.371507227420807,2.631400153040886,13.52015882730484,4.6786487102508545,7.840786874294281,54.0,0.46478480100631714,137.0,95.0,6.0,21.0,160.0,227.0,181.0,0.0,1375.0,444.0,5.0,5.0,2.0,53.0,20.0,100.11358333333334,32.03010177612305,114651.5546875,2.095093011856079,1.0
106,2026-06-25T01:00:00Z,Group A,First Stage,43883,South Africa,RSA,4-2-3-1,400021445,54,151612,97',1.0,13.0,8.0,3.0,2.0,0.0,0.0,1.0,0.0,3.0,8.0,0.0,1.0,5.0,2.0,7.0,4.0,8.0,2.0,21.0,5.0,6.09047794342041,24.27081298828125,1.0,12.0,5.0,4.0,7.0,1.0,321.0,37.0,9.0,0.0,13768.669921875,1886.050048828125,46958.0078125,5415.3798828125,43795.78125,134.0,192.0,7.0,3.0,9.0,9.0,7.0,26.0,40.0,7.0,9.0,9.0,13.0,10.0,1.0,2.0,2.0,12.0,1.0,0.0,,0.0,1.0,0.0,1.0,0.0,0.0,154.0,9.0,23.0,62.0,33.0,21.0,30.0,83.0,12.0,2.0,0.0,2.0,1.0,80.0,48.0,36.0,47.0,76.0,2.0,10.0,0.0,44.0,1.0,0.0,0.0,0.0,58.0,88.0,43.0,100.0,89.0,189.0,3.0,0.0,345.0,279.0,0.0,0.0,15.304666757583618,11.600147187709808,33.42006504535675,1.9875045865774155,6.1242274940013885,9.729044884443283,8.961411565542221,5.663920193910599,2.3894786834716797,8.4116131067276,33.45983326435089,0.5070511717349291,29.878783226013184,1.7334811389446259,12.301360070705414,2.475043572485447,4.787945747375488,41.0,0.3027411997318268,69.0,74.0,3.0,11.0,108.0,240.0,119.0,0.0,1236.0,438.0,3.0,3.0,6.0,32.0,8.0,100.10293333333334,33.0111198425293,111823.890625,0.8882386684417725,1.0
107,2026-06-25T01:00:00Z,Group A,First Stage,43822,Korea Republic,KOR,3-4-3,400021445,54,151612,97',0.0,8.0,13.0,4.0,2.0,0.0,1.0,4.0,0.0,1.0,2.0,0.0,0.0,5.0,3.0,3.0,3.0,3.0,0.0,15.0,10.0,6.046860218048096,14.268054962158203,0.0,5.0,9.0,6.0,39.0,8.0,199.0,27.0,7.0,0.0,13240.2900390625,1909.3798828125,46362.37109375,5386.419921875,44143.08984375,286.0,372.0,8.0,5.0,7.0,33.0,29.0,71.0,28.0,9.0,7.0,10.0,18.0,15.0,0.75,3.0,3.0,5.0,0.0,1.0,,0.0,0.0,0.0,3.0,3.0,0.0,184.0,11.0,15.0,61.0,50.0,31.0,35.0,145.0,24.0,20.0,9.0,10.0,3.0,99.0,75.0,53.0,70.0,96.0,8.0,11.0,3.0,70.0,1.0,0.0,0.0,0.0,99.0,178.0,157.0,256.0,178.0,434.0,0.0,0.0,718.0,657.0,0.0,0.0,9.729044884443283,15.556171536445618,47.943273186683655,0.9000158868730068,9.359794110059738,15.304666757583618,17.681032419204712,8.458654582500458,5.742006748914719,1.3389320112764835,13.468578457832336,0.18522602040320635,15.600146353244781,4.464535042643547,18.41784119606018,5.237780138850212,4.920773208141327,59.0,0.608544647693634,167.0,105.0,16.0,9.0,231.0,499.0,240.0,0.0,1122.0,421.0,5.0,5.0,5.0,68.0,24.0,100.10293333333334,34.06005096435547,111041.546875,0.7412335872650146,1.0
108,2026-06-25T20:00:00Z,Group E,First Stage,1895293,Curaçao,CUW,5-4-1,400021468,55,151635,97',0.0,11.0,7.0,3.0,0.0,1.0,1.0,0.0,0.0,3.0,4.0,0.0,0.0,6.0,1.0,8.0,2.0,5.0,1.0,27.0,2.0,5.78913688659668,18.11922836303711,0.0,17.0,2.0,4.0,15.0,4.0,299.0,62.0,6.0,0.0,12299.5,2283.590087890625,41060.65234375,5460.9404296875,45064.5078125,173.0,244.0,6.0,7.0,5.0,13.0,7.0,40.0,43.0,11.0,6.0,7.0,9.0,7.0,0.3333333432674408,1.0,1.0,5.0,0.0,2.0,,0.0,0.0,0.0,3.0,1.0,0.0,136.0,7.0,12.0,58.0,46.0,35.0,39.0,93.0,16.0,9.0,4.0,6.0,3.0,62.0,38.0,24.0,40.0,82.0,2.0,9.0,3.0,53.0,1.0,0.0,0.0,0.0,58.0,116.0,53.0,128.0,99.0,227.0,2.0,0.0,369.0,312.0,0.0,0.0,13.017411530017853,11.371331661939621,31.84695541858673,1.3744094409048557,7.287057489156723,10.011983662843704,13.562089204788208,5.349373072385788,5.179756507277489,2.606961689889431,27.797749638557434,0.8425516076385975,25.97898244857788,4.786135628819466,18.703745305538177,1.2785767205059528,4.954297840595245,50.0,0.37948575615882874,76.0,79.0,9.0,18.0,145.0,233.0,163.0,0.0,1061.0,428.0,5.0,5.0,11.0,41.0,19.0,100.30330000000001,33.973506927490234,106169.1875,0.6640903353691101,2.0
109,2026-06-25T20:00:00Z,Group E,First Stage,43854,Côte d'Ivoire,CIV,4-1-2-3,400021468,55,151635,97',2.0,7.0,11.0,2.0,1.0,1.0,0.0,1.0,0.0,0.0,5.0,0.0,0.0,7.0,3.0,3.0,3.0,0.0,0.0,26.0,3.0,5.796319007873535,16.680683135986328,1.0,13.0,3.0,6.0,18.0,4.0,201.0,43.0,11.0,0.0,12137.330078125,2373.300048828125,43006.140625,5307.97021484375,43598.6875,258.0,332.0,1.0,6.0,10.0,13.0,18.0,55.0,44.0,6.0,11.0,13.0,20.0,17.0,1.0,3.0,2.0,6.0,2.0,0.0,,0.0,2.0,0.0,0.0,2.0,0.0,200.0,11.0,14.0,74.0,57.0,44.0,49.0,135.0,27.0,9.0,3.0,13.0,3.0,99.0,69.0,55.0,71.0,101.0,5.0,8.0,1.0,67.0,1.0,0.0,0.0,0.0,81.0,97.0,72.0,148.0,102.0,250.0,1.0,0.0,644.0,574.0,0.0,0.0,10.011983662843704,15.435102581977844,39.146387577056885,0.5116150248795748,13.004028797149658,13.017411530017853,15.1650071144104,3.5276956856250763,4.318616911768913,2.095317095518112,15.689948201179504,0.8257162757217884,25.024423003196716,4.80976402759552,17.59955734014511,4.261070862412453,6.191924959421158,50.0,0.5515913963317871,84.0,129.0,12.0,33.0,197.0,433.0,230.0,0.0,1093.0,425.0,5.0,5.0,8.0,59.0,20.0,100.30330000000001,34.55971908569336,106423.4296875,0.9280735850334167,1.0
110,2026-06-25T20:00:00Z,Group E,First Stage,43927,Ecuador,ECU,4-4-2,400021466,56,151636,98',2.0,7.0,11.0,3.0,1.0,0.0,1.0,1.0,0.0,0.0,5.0,0.0,0.0,5.0,1.0,3.0,3.0,2.0,2.0,24.0,2.0,5.923141002655029,18.120323181152344,0.0,15.0,2.0,3.0,14.0,4.0,299.0,58.0,10.0,0.0,13702.7294921875,2236.93994140625,43063.3984375,6063.330078125,44767.0703125,165.0,243.0,6.0,8.0,3.0,19.0,17.0,42.0,49.0,15.0,10.0,10.0,15.0,13.0,0.6666666865348816,2.0,2.0,5.0,2.0,1.0,,0.0,1.0,1.0,1.0,0.0,0.0,147.0,10.0,20.0,45.0,24.0,11.0,15.0,78.0,23.0,7.0,2.0,9.0,4.0,79.0,47.0,31.0,45.0,76.0,2.0,11.0,3.0,35.0,1.0,0.0,0.0,0.0,56.0,85.0,111.0,130.0,122.0,252.0,0.0,0.0,389.0,325.0,0.0,0.0,19.776837527751923,12.595382332801819,36.636561155319214,2.9183657839894295,11.084694415330887,14.258997142314911,12.283905595541,3.711477667093277,4.671428352594376,5.901778861880302,28.247418999671936,0.5590593442320824,19.361160695552826,4.050693288445473,10.017262399196625,3.7174463272094727,5.425183102488518,43.0,0.3921029567718506,103.0,85.0,8.0,24.0,168.0,219.0,192.0,0.0,1174.0,474.0,5.0,5.0,12.0,41.0,18.0,101.07641666666666,33.86237335205078,109833.46875,1.2920860052108765,3.0
111,2026-06-25T20:00:00Z,Group E,First Stage,43948,Germany,GER,4-2-3-1,400021466,56,151636,98',1.0,11.0,7.0,3.0,3.0,3.0,0.0,1.0,0.0,2.0,5.0,0.0,0.0,6.0,3.0,5.0,3.0,5.0,0.0,25.0,3.0,6.183053493499756,15.872239112854004,0.0,11.0,1.0,2.0,16.0,4.0,231.0,41.0,15.0,0.0,16344.76953125,2542.22998046875,46352.140625,6333.8701171875,42937.15234375,248.0,334.0,11.0,9.0,5.0,16.0,20.0,54.0,51.0,10.0,14.0,15.0,30.0,17.0,0.3333333432674408,1.0,1.0,2.0,1.0,2.0,,0.0,1.0,0.0,1.0,0.0,0.0,188.0,9.0,19.0,83.0,65.0,52.0,55.0,129.0,13.0,4.0,0.0,4.0,0.0,92.0,60.0,47.0,64.0,87.0,4.0,9.0,0.0,65.0,1.0,0.0,0.0,0.0,73.0,165.0,102.0,189.0,151.0,340.0,0.0,0.0,612.0,537.0,0.0,0.0,14.258997142314911,14.873763918876648,39.440542459487915,0.9748721495270729,13.015685975551605,19.776837527751923,14.285856485366821,4.67463918030262,3.6513973027467728,2.711736224591732,33.139026165008545,0.22266143932938576,10.849115252494812,2.775762416422367,16.70612543821335,6.455930322408676,4.717187583446503,56.0,0.5123492479324341,123.0,105.0,5.0,31.0,177.0,431.0,208.0,0.0,1412.0,472.0,5.0,5.0,5.0,59.0,21.0,101.07641666666666,33.683467864990234,114510.15625,0.7445650100708008,1.0
112,2026-06-25T23:00:00Z,Group F,First Stage,43819,Japan,JPN,3-4-3,400021471,57,151641,98',1.0,8.0,11.0,5.0,1.0,1.0,0.0,2.0,0.0,0.0,5.0,0.0,0.0,4.0,2.0,4.0,3.0,4.0,1.0,16.0,2.0,5.903436183929443,18.62547492980957,0.0,13.0,2.0,2.0,14.0,4.0,221.0,47.0,11.0,0.0,13897.6396484375,1736.7198486328125,45124.578125,5326.48974609375,44150.1484375,139.0,199.0,2.0,5.0,7.0,16.0,13.0,45.0,42.0,20.0,12.0,13.0,20.0,17.0,0.800000011920929,5.0,4.0,6.0,1.0,1.0,,0.0,1.0,0.0,1.0,2.0,0.0,163.0,13.0,13.0,59.0,34.0,25.0,33.0,91.0,22.0,7.0,4.0,9.0,0.0,82.0,50.0,41.0,56.0,74.0,3.0,6.0,0.0,35.0,1.0,0.0,0.0,0.0,104.0,135.0,81.0,215.0,105.0,320.0,3.0,0.0,454.0,381.0,0.0,0.0,15.60291200876236,9.338576346635818,39.71703350543976,1.2182277627289295,9.287983924150467,13.673456013202667,12.801338732242584,6.001370400190353,3.33021879196167,4.4843889772892,26.509687304496765,0.3737619146704674,22.37214297056198,2.4394193664193153,15.505780279636383,4.440291598439217,5.0156813114881516,45.0,0.4465484023094177,98.0,90.0,6.0,11.0,107.0,341.0,118.0,0.0,1206.0,438.0,5.0,5.0,8.0,50.0,14.0,102.06365,35.00226974487305,110235.578125,1.2200590372085571,1.0
113,2026-06-25T23:00:00Z,Group F,First Stage,43970,Sweden,SWE,3-4-3,400021471,57,151641,98',1.0,11.0,8.0,3.0,1.0,0.0,3.0,0.0,0.0,3.0,4.0,0.0,0.0,6.0,2.0,5.0,5.0,5.0,3.0,18.0,3.0,5.95209264755249,17.977184295654297,0.0,10.0,3.0,8.0,16.0,4.0,201.0,26.0,20.0,0.0,13400.6796875,1733.6400146484375,45891.09765625,5122.60009765625,44985.23046875,149.0,223.0,12.0,6.0,8.0,10.0,16.0,51.0,37.0,11.0,20.0,23.0,20.0,15.0,0.6666666865348816,2.0,2.0,4.0,1.0,1.0,,0.0,0.0,1.0,4.0,3.0,0.0,159.0,5.0,26.0,57.0,33.0,22.0,26.0,86.0,10.0,3.0,0.0,2.0,3.0,92.0,50.0,38.0,58.0,76.0,2.0,9.0,1.0,48.0,1.0,0.0,0.0,0.0,73.0,86.0,73.0,139.0,93.0,232.0,2.0,0.0,410.0,330.0,0.0,0.0,13.673456013202667,12.691709399223328,44.684481620788574,0.9730268269777298,10.215091705322266,15.60291200876236,12.53223717212677,3.990544378757477,4.896315932273865,7.174982875585556,31.00571036338806,0.34639330115169287,18.070964515209198,1.7214342951774597,12.51230239868164,3.064878471195698,7.804148644208908,55.0,0.4459556043148041,79.0,75.0,3.0,24.0,147.0,246.0,171.0,0.0,1123.0,429.0,5.0,5.0,7.0,50.0,18.0,102.06365,34.855712890625,111133.25,0.5614729523658752,2.0
114,2026-06-25T23:00:00Z,Group F,First Stage,43888,Tunisia,TUN,5-4-1,400021473,58,151642,96',1.0,10.0,20.0,7.0,1.0,0.0,1.0,3.0,0.0,3.0,2.0,0.0,0.0,3.0,2.0,5.0,4.0,7.0,2.0,15.0,5.0,6.174813747406006,29.820390701293945,0.0,8.0,4.0,4.0,13.0,4.0,346.0,51.0,10.0,0.0,13470.6396484375,2163.530029296875,49417.5234375,5110.89990234375,40935.6875,108.0,171.0,6.0,3.0,3.0,4.0,12.0,20.0,34.0,11.0,9.0,11.0,34.0,29.0,0.6666666865348816,4.0,4.0,10.0,1.0,3.0,,0.0,1.0,0.0,2.0,1.0,0.0,110.0,6.0,13.0,49.0,28.0,20.0,30.0,65.0,11.0,4.0,2.0,5.0,0.0,50.0,33.0,25.0,31.0,56.0,2.0,6.0,0.0,33.0,1.0,0.0,0.0,0.0,116.0,124.0,78.0,151.0,167.0,318.0,2.0,1.0,265.0,208.0,0.0,0.0,18.76680552959442,11.929455399513245,22.273994982242584,2.8541844338178635,5.851024016737938,7.868877053260803,12.89476752281189,1.0601854883134365,0.7643004413694143,6.915844231843948,54.63206171989441,0.5926037207245827,19.2108616232872,1.7069654539227486,14.297643303871155,2.2562282159924507,9.412629157304764,34.0,0.27527695894241333,90.0,69.0,5.0,17.0,111.0,143.0,128.0,0.0,1165.0,389.0,5.0,5.0,1.0,22.0,12.0,98.16036666666668,34.84346008300781,111098.28125,0.7553168535232544,0.0
115,2026-06-25T23:00:00Z,Group F,First Stage,43960,Netherlands,NED,4-1-2-3,400021473,58,151642,96',2.0,20.0,10.0,4.0,4.0,1.0,2.0,1.0,0.0,7.0,7.0,0.0,0.0,15.0,6.0,7.0,7.0,5.0,1.0,25.0,3.0,5.935089588165283,12.5629301071167,0.0,13.0,3.0,6.0,27.0,7.0,173.0,32.0,11.0,0.0,12495.05078125,1799.929931640625,44386.9609375,5307.85986328125,42823.41796875,288.0,374.0,19.0,8.0,17.0,20.0,42.0,77.0,34.0,10.0,11.0,13.0,12.0,12.0,0.75,3.0,3.0,6.0,3.0,1.0,,0.0,2.0,0.0,6.0,2.0,0.0,173.0,4.0,6.0,27.0,21.0,15.0,17.0,130.0,27.0,16.0,7.0,13.0,10.0,119.0,93.0,80.0,99.0,110.0,2.0,4.0,7.0,79.0,1.0,0.0,0.0,0.0,117.0,123.0,151.0,229.0,162.0,391.0,1.0,0.0,668.0,619.0,0.0,0.0,7.868877053260803,15.366022288799286,51.11477971076965,0.6184415426105261,12.437162548303604,18.76680552959442,21.740470826625824,5.559730902314186,9.718255698680878,0.08418139768764377,14.103913307189941,0.903518870472908,11.488551646471024,4.816540703177452,17.38804280757904,9.125373512506485,4.1032180190086365,65.0,0.6464505791664124,129.0,138.0,16.0,36.0,176.0,494.0,212.0,0.0,1072.0,382.0,5.0,5.0,9.0,78.0,14.0,98.16036666666668,33.604190826416016,106813.21875,1.7888685464859009,0.0
116,2026-06-26T02:00:00Z,Group D,First Stage,43972,Türkiye,TUR,3-4-3,400021459,59,151630,99',2.0,8.0,18.0,7.0,1.0,0.0,0.0,1.0,0.0,2.0,5.0,0.0,0.0,7.0,2.0,4.0,2.0,1.0,0.0,24.0,13.0,5.98383903503418,12.198017120361328,0.0,18.0,9.0,2.0,11.0,1.0,219.0,56.0,13.0,0.0,14044.830078125,2648.909912109375,47072.55078125,5813.89990234375,45450.828125,190.0,279.0,1.0,7.0,5.0,10.0,25.0,49.0,50.0,13.0,11.0,18.0,23.0,22.0,0.7142857313156128,5.0,5.0,6.0,3.0,2.0,,0.0,3.0,0.0,0.0,5.0,0.0,193.0,8.0,27.0,69.0,36.0,26.0,34.0,100.0,23.0,13.0,9.0,11.0,4.0,101.0,51.0,40.0,62.0,103.0,3.0,7.0,1.0,59.0,1.0,0.0,0.0,0.0,85.0,109.0,81.0,159.0,116.0,275.0,2.0,0.0,456.0,353.0,0.0,0.0,21.785061061382294,11.99788749217987,22.216638922691345,2.8625905513763428,8.472785353660583,13.802073895931244,19.39012110233307,6.972041726112366,4.895311594009399,4.814356938004494,21.2444469332695,0.7191302254796028,21.379639208316803,4.865773767232895,22.359640896320343,4.161412268877029,7.99902081489563,52.0,0.4248448312282562,98.0,94.0,11.0,23.0,161.0,263.0,184.0,0.0,1177.0,448.0,5.0,5.0,12.0,44.0,28.0,104.90254999999999,34.75431823730469,115031.0234375,1.7094608545303345,0.0
117,2026-06-26T02:00:00Z,Group D,First Stage,43921,USA,USA,4-1-2-3,400021459,59,151630,99',1.0,18.0,8.0,2.0,4.0,0.0,4.0,2.0,0.0,5.0,6.0,0.0,1.0,15.0,5.0,6.0,7.0,3.0,2.0,19.0,7.0,6.636886119842529,14.65731143951416,0.0,11.0,4.0,9.0,20.0,7.0,267.0,50.0,13.0,0.0,20402.87890625,3040.330078125,55117.7890625,7662.75,41393.62109375,190.0,271.0,8.0,7.0,9.0,22.0,14.0,47.0,47.0,13.0,11.0,15.0,21.0,17.0,0.0,0.0,0.0,4.0,2.0,3.0,,0.0,1.0,1.0,3.0,2.0,0.0,177.0,12.0,21.0,68.0,46.0,34.0,35.0,110.0,24.0,14.0,7.0,9.0,3.0,85.0,50.0,36.0,49.0,86.0,5.0,7.0,2.0,47.0,1.0,0.0,0.0,0.0,117.0,149.0,123.0,225.0,164.0,389.0,5.0,0.0,495.0,424.0,0.0,0.0,13.802073895931244,12.781886756420135,35.78383028507233,1.4166751876473427,15.731364488601685,21.541573107242584,14.321257174015045,4.851717129349709,8.726907521486282,2.9980801045894623,17.388111352920532,0.484398752450943,13.929040729999542,5.025637149810791,19.280187785625458,8.616113662719727,9.402088075876236,47.0,0.48001372814178467,145.0,116.0,15.0,31.0,203.0,285.0,234.0,0.0,1700.0,556.0,5.0,5.0,5.0,56.0,31.0,104.90254999999999,34.33323287963867,127617.3671875,1.7830692529678345,1.0
118,2026-06-26T02:00:00Z,Group D,First Stage,43928,Paraguay,PAR,5-3-2,400021461,60,151629,96',0.0,7.0,12.0,5.0,1.0,2.0,0.0,0.0,0.0,2.0,3.0,0.0,0.0,3.0,1.0,4.0,2.0,4.0,1.0,18.0,4.0,6.080591201782227,12.416449546813965,1.0,10.0,4.0,1.0,7.0,0.0,284.0,62.0,6.0,0.0,14970.5302734375,1838.909912109375,46646.69921875,5498.759765625,44110.51171875,132.0,201.0,3.0,6.0,4.0,18.0,10.0,44.0,51.0,9.0,6.0,6.0,13.0,13.0,1.0,6.0,5.0,9.0,0.0,0.0,,0.0,0.0,0.0,0.0,0.0,0.0,142.0,5.0,25.0,63.0,29.0,20.0,33.0,60.0,10.0,3.0,1.0,2.0,3.0,69.0,28.0,18.0,36.0,85.0,1.0,8.0,1.0,34.0,1.0,0.0,0.0,0.0,58.0,67.0,108.0,112.0,121.0,233.0,0.0,0.0,418.0,345.0,0.0,0.0,16.999085247516632,9.390807896852493,46.97210490703583,1.690995879471302,13.20217251777649,17.152516543865204,7.019318640232086,2.796497382223606,5.498780682682991,5.122368410229683,21.23475968837738,0.41675902903079987,20.703835785388947,3.032587096095085,12.377752363681793,5.6151628494262695,5.613768845796585,50.0,0.4219263792037964,81.0,29.0,3.0,33.0,119.0,270.0,152.0,0.0,1319.0,437.0,5.0,5.0,3.0,51.0,26.0,101.37488333333334,32.65098190307617,113065.40625,0.2915229797363281,1.0
119,2026-06-26T02:00:00Z,Group D,First Stage,43976,Australia,AUS,3-4-3,400021461,60,151629,96',0.0,12.0,7.0,2.0,2.0,2.0,0.0,1.0,0.0,4.0,5.0,0.0,0.0,7.0,4.0,5.0,5.0,5.0,1.0,30.0,6.0,6.26369047164917,13.104215621948242,1.0,18.0,4.0,3.0,13.0,3.0,210.0,33.0,9.0,0.0,16538.0703125,1746.7298583984375,52153.73828125,5622.0400390625,40388.46875,237.0,330.0,6.0,2.0,7.0,12.0,33.0,52.0,43.0,6.0,9.0,9.0,11.0,8.0,1.0,2.0,2.0,9.0,0.0,0.0,,0.0,0.0,0.0,1.0,0.0,0.0,167.0,5.0,26.0,79.0,52.0,40.0,48.0,100.0,11.0,4.0,2.0,5.0,1.0,77.0,44.0,32.0,45.0,103.0,2.0,10.0,0.0,55.0,1.0,0.0,0.0,0.0,60.0,141.0,106.0,154.0,153.0,307.0,0.0,0.0,526.0,446.0,0.0,0.0,17.050543427467346,10.652848333120346,33.88605713844299,1.4398138038814068,11.96945607662201,16.999085247516632,12.831966578960419,0.574505003169179,3.6361228674650192,4.536687955260277,32.69981145858765,0.28062821365892887,23.14881682395935,2.223346382379532,18.431611359119415,4.068506881594658,6.520727276802063,49.0,0.46184512972831726,114.0,106.0,4.0,22.0,244.0,291.0,266.0,0.0,1415.0,452.0,3.0,3.0,11.0,49.0,28.0,101.37488333333334,35.12529754638672,116449.046875,0.6965587735176086,1.0
120,2026-06-26T19:00:00Z,Group I,First Stage,43961,Norway,NOR,4-1-2-3,400021489,61,151660,96',1.0,10.0,18.0,9.0,1.0,1.0,1.0,0.0,0.0,2.0,5.0,1.0,0.0,6.0,4.0,4.0,5.0,4.0,1.0,24.0,6.0,6.170897483825684,17.896577835083008,0.0,16.0,5.0,4.0,9.0,2.0,297.0,43.0,10.0,0.0,14437.7802734375,2358.85986328125,47486.33984375,5989.56005859375,43253.671875,191.0,264.0,9.0,6.0,6.0,11.0,7.0,35.0,38.0,9.0,10.0,12.0,25.0,22.0,0.5555555820465088,5.0,5.0,8.0,1.0,4.0,,0.0,1.0,0.0,1.0,2.0,0.0,136.0,1.0,19.0,54.0,36.0,29.0,34.0,82.0,10.0,4.0,2.0,6.0,3.0,72.0,42.0,34.0,49.0,66.0,1.0,6.0,1.0,43.0,1.0,0.0,0.0,0.0,93.0,164.0,109.0,203.0,163.0,366.0,1.0,0.0,448.0,366.0,1.0,0.0,13.011109828948975,13.32370787858963,36.890339851379395,0.8235516026616096,8.791475743055344,13.62031102180481,14.125917851924896,5.521993711590767,3.8179371505975723,5.363128334283829,36.221325397491455,0.27018000837415457,17.05574542284012,3.2482318580150604,14.451070129871368,5.44104091823101,5.880359187722206,39.0,0.409773051738739,119.0,104.0,4.0,23.0,162.0,264.0,185.0,0.0,1271.0,440.0,5.0,5.0,7.0,43.0,23.0,100.25048333333334,35.5930290222168,113526.2109375,1.4505717754364014,1.0
121,2026-06-26T19:00:00Z,Group I,First Stage,43946,France,FRA,4-2-3-1,400021489,61,151660,96',4.0,18.0,10.0,5.0,4.0,1.0,0.0,2.0,0.0,2.0,13.0,0.0,0.0,9.0,6.0,5.0,9.0,9.0,3.0,28.0,12.0,5.929933547973633,12.704215049743652,0.0,16.0,11.0,5.0,16.0,4.0,234.0,45.0,9.0,0.0,13690.5703125,2371.659912109375,42660.05859375,5563.93994140625,44834.53125,212.0,286.0,10.0,5.0,9.0,22.0,22.0,62.0,43.0,11.0,8.0,10.0,12.0,12.0,0.75,3.0,3.0,5.0,4.0,1.0,,0.0,3.0,1.0,1.0,1.0,0.0,160.0,8.0,9.0,47.0,32.0,22.0,30.0,119.0,25.0,21.0,9.0,10.0,7.0,88.0,66.0,50.0,64.0,83.0,6.0,4.0,6.0,61.0,1.0,0.0,0.0,0.0,97.0,98.0,112.0,179.0,128.0,307.0,2.0,0.0,549.0,492.0,0.0,0.0,13.62031102180481,18.573611974716187,33.642977476119995,2.9223965480923653,10.997426509857178,13.011109828948975,26.084008812904358,7.479756325483322,7.129495590925217,1.3428048230707645,13.24085146188736,1.4751113951206207,29.24235761165619,3.0594438314437866,14.185969531536102,2.489485964179039,5.139491707086563,61.0,0.5120063424110413,111.0,97.0,23.0,17.0,129.0,439.0,146.0,0.0,1178.0,420.0,5.0,5.0,6.0,57.0,12.0,100.25048333333334,37.61482620239258,109120.7578125,1.0473859310150146,1.0
122,2026-06-26T19:00:00Z,Group I,First Stage,43879,Senegal,SEN,4-1-2-3,400021493,62,151659,97',5.0,27.0,6.0,1.0,3.0,1.0,2.0,2.0,1.0,3.0,16.0,0.0,0.0,14.0,6.0,11.0,11.0,13.0,5.0,40.0,3.0,5.80919075012207,9.022323608398438,1.0,19.0,3.0,12.0,29.0,7.0,162.0,23.0,11.0,0.0,13726.970703125,2187.679931640625,46046.08984375,6144.84033203125,43793.98046875,226.0,322.0,15.0,10.0,10.0,28.0,21.0,80.0,38.0,10.0,10.0,11.0,15.0,11.0,1.0,1.0,1.0,4.0,5.0,0.0,,0.0,3.0,2.0,4.0,0.0,0.0,153.0,3.0,10.0,28.0,22.0,15.0,15.0,120.0,28.0,17.0,10.0,19.0,6.0,97.0,81.0,69.0,78.0,71.0,2.0,5.0,5.0,53.0,1.0,0.0,0.0,0.0,123.0,124.0,117.0,211.0,153.0,364.0,1.0,0.0,585.0,523.0,0.0,0.0,12.130951136350632,11.445575207471848,36.55608594417572,1.4549030922353268,15.985651314258575,19.75913941860199,30.716198682785034,5.806286260485649,9.36453714966774,1.3281693682074547,6.703109294176102,0.563717121258378,14.275708794593811,5.524427816271782,18.14725399017334,3.8196105509996414,7.045380771160126,63.0,0.5861704349517822,130.0,133.0,16.0,20.0,217.0,384.0,237.0,0.0,1171.0,461.0,5.0,5.0,15.0,78.0,26.0,105.23488333333333,33.50464630126953,111899.5625,2.7018330097198486,2.0
123,2026-06-26T19:00:00Z,Group I,First Stage,43818,Iraq,IRQ,4-4-2,400021493,62,151659,97',0.0,6.0,27.0,11.0,4.0,1.0,0.0,0.0,1.0,2.0,2.0,0.0,0.0,1.0,0.0,1.0,1.0,5.0,1.0,17.0,4.0,5.911360263824463,18.072553634643555,0.0,11.0,3.0,3.0,5.0,0.0,259.0,48.0,10.0,1.0,13337.240234375,1947.030029296875,43139.7109375,5377.9697265625,40883.140625,114.0,170.0,2.0,2.0,1.0,10.0,7.0,17.0,43.0,11.0,10.0,11.0,39.0,35.0,0.6363636255264282,7.0,7.0,20.0,0.0,5.0,,0.0,0.0,0.0,0.0,1.0,0.0,128.0,11.0,11.0,55.0,29.0,23.0,33.0,59.0,13.0,4.0,1.0,2.0,0.0,60.0,26.0,20.0,38.0,59.0,3.0,3.0,0.0,30.0,1.0,0.0,0.0,0.0,50.0,68.0,45.0,95.0,68.0,163.0,0.0,0.0,280.0,200.0,0.0,0.0,19.75913941860199,13.559958338737488,19.699351489543915,0.8028698153793812,9.549639374017715,12.130951136350632,8.44721570611,2.4059128016233444,1.4721388928592205,9.724974632263184,40.979599952697754,0.8648308925330639,15.678481757640839,1.9151998683810234,11.083020269870758,4.147741198539734,12.010590732097626,37.0,0.3069404661655426,60.0,44.0,4.0,13.0,125.0,125.0,138.0,1.0,1162.0,388.0,5.0,5.0,8.0,22.0,16.0,105.23488333333333,32.80552291870117,104685.0859375,0.20979392528533936,2.0
124,2026-06-27T00:00:00Z,Group H,First Stage,43850,Cabo Verde,CPV,4-1-2-3,400021485,65,151654,96',0.0,15.0,7.0,3.0,5.0,1.0,2.0,2.0,0.0,4.0,6.0,0.0,0.0,10.0,2.0,7.0,2.0,5.0,0.0,36.0,9.0,6.2212629318237305,12.178691864013672,1.0,19.0,7.0,4.0,21.0,5.0,206.0,34.0,16.0,0.0,15421.080078125,2504.5400390625,48900.62890625,6244.1201171875,42390.0703125,213.0,301.0,16.0,5.0,3.0,25.0,16.0,54.0,53.0,10.0,15.0,16.0,13.0,10.0,1.0,3.0,3.0,5.0,0.0,0.0,,0.0,0.0,0.0,2.0,0.0,0.0,185.0,9.0,25.0,86.0,68.0,49.0,52.0,133.0,22.0,12.0,8.0,11.0,2.0,77.0,53.0,34.0,41.0,92.0,4.0,15.0,0.0,63.0,1.0,0.0,0.0,0.0,113.0,156.0,104.0,194.0,179.0,373.0,2.0,0.0,465.0,402.0,0.0,0.0,16.688868403434753,13.117976486682892,26.640954613685608,2.0336033776402473,10.086186975240707,16.72980487346649,14.928130805492401,4.396385699510574,3.844692185521126,3.272242844104767,17.803768813610077,0.3187563503161073,25.60594379901886,3.4413427114486694,20.960187911987305,3.4597326070070267,5.375673994421959,48.0,0.47952035069465637,120.0,104.0,12.0,28.0,155.0,334.0,183.0,0.0,1322.0,496.0,5.0,5.0,10.0,59.0,21.0,101.21775,34.81193542480469,115460.4375,1.3689379692077637,1.0
125,2026-06-27T00:00:00Z,Group H,First Stage,43835,Saudi Arabia,KSA,4-4-2,400021485,65,151654,96',0.0,7.0,15.0,2.0,2.0,0.0,0.0,1.0,0.0,2.0,4.0,0.0,0.0,5.0,3.0,1.0,3.0,2.0,0.0,21.0,3.0,6.139464855194092,13.50497055053711,1.0,14.0,3.0,2.0,12.0,3.0,304.0,66.0,10.0,0.0,16227.6494140625,2759.380126953125,44051.0625,7267.01953125,43638.94140625,171.0,253.0,9.0,6.0,2.0,13.0,16.0,42.0,42.0,16.0,10.0,11.0,19.0,18.0,1.0,3.0,2.0,12.0,0.0,0.0,,0.0,0.0,0.0,2.0,1.0,0.0,165.0,14.0,11.0,55.0,33.0,21.0,30.0,95.0,22.0,11.0,2.0,5.0,3.0,88.0,51.0,37.0,60.0,83.0,7.0,5.0,2.0,44.0,1.0,0.0,0.0,0.0,92.0,69.0,102.0,129.0,134.0,263.0,0.0,0.0,455.0,370.0,0.0,0.0,16.72980487346649,11.467873305082321,37.16331422328949,0.6399646867066622,12.980470061302185,16.688868403434753,11.07923537492752,6.506886333227158,7.987237721681595,3.1360723078250885,15.897127985954285,0.43615582399070263,19.550737738609314,2.832864224910736,16.921058297157288,7.218056172132492,6.431522220373154,51.0,0.41863417625427246,105.0,85.0,13.0,20.0,172.0,269.0,192.0,0.0,1401.0,546.0,5.0,5.0,6.0,41.0,27.0,101.21775,33.25017547607422,113944.0546875,0.3490350842475891,3.0
126,2026-06-27T00:00:00Z,Group H,First Stage,43930,Uruguay,URU,4-1-2-3,400021484,66,151653,97',0.0,5.0,6.0,1.0,0.0,0.0,0.0,1.0,0.0,2.0,2.0,0.0,0.0,2.0,0.0,3.0,1.0,3.0,1.0,24.0,7.0,5.944642066955566,16.652456283569336,0.0,13.0,6.0,1.0,18.0,1.0,390.0,64.0,14.0,1.0,15284.759765625,2747.419921875,44346.33203125,6505.10009765625,44873.9609375,146.0,216.0,2.0,7.0,6.0,18.0,10.0,50.0,53.0,14.0,14.0,16.0,17.0,14.0,0.0,0.0,0.0,5.0,0.0,1.0,,0.0,0.0,0.0,0.0,2.0,0.0,164.0,16.0,24.0,56.0,31.0,13.0,16.0,94.0,25.0,15.0,7.0,9.0,0.0,83.0,48.0,30.0,43.0,77.0,8.0,10.0,0.0,49.0,1.0,0.0,0.0,0.0,100.0,115.0,48.0,142.0,121.0,263.0,5.0,0.0,305.0,241.0,0.0,0.0,18.734082579612732,10.353557765483856,27.812734246253967,1.9370786845684052,7.744276523590088,9.59974005818367,16.02996289730072,6.70584961771965,7.971816509962082,6.912359595298767,21.80345505475998,0.5684114526957273,21.025951206684113,6.585489958524704,15.222471952438354,3.0019503086805344,6.558801233768463,40.0,0.333601713180542,71.0,91.0,14.0,14.0,160.0,157.0,174.0,1.0,1308.0,503.0,4.0,4.0,8.0,47.0,16.0,104.5325,34.8641471862793,113757.5703125,0.22382713854312897,3.0
127,2026-06-27T00:00:00Z,Group H,First Stage,43969,Spain,ESP,4-1-2-3,400021484,66,151653,97',1.0,6.0,5.0,1.0,1.0,1.0,1.0,1.0,0.0,0.0,3.0,0.0,0.0,5.0,1.0,3.0,1.0,1.0,0.0,37.0,3.0,5.79975700378418,12.931448936462402,1.0,23.0,3.0,6.0,15.0,3.0,215.0,35.0,14.0,0.0,14610.8994140625,1697.260009765625,43262.1796875,5093.3896484375,46504.4296875,311.0,389.0,12.0,13.0,6.0,9.0,13.0,46.0,49.0,14.0,13.0,19.0,20.0,14.0,1.0,3.0,1.0,6.0,1.0,0.0,,0.0,1.0,0.0,1.0,5.0,0.0,186.0,5.0,13.0,76.0,61.0,51.0,58.0,145.0,17.0,10.0,5.0,9.0,3.0,93.0,74.0,62.0,72.0,104.0,3.0,7.0,2.0,81.0,1.0,0.0,0.0,0.0,85.0,159.0,164.0,223.0,185.0,408.0,2.0,0.0,637.0,570.0,0.0,0.0,9.59974005818367,20.225606858730316,39.86523151397705,0.8829265832901001,11.953558027744293,18.871909379959106,7.923497259616852,5.132584273815155,6.0958802700042725,2.0742185413837433,16.623221337795258,0.13782772002741694,17.283895611763,4.4014982879161835,14.47208970785141,5.88764026761055,4.007871821522713,59.0,0.5710530281066895,159.0,105.0,6.0,26.0,220.0,406.0,246.0,0.0,1262.0,401.0,5.0,5.0,11.0,53.0,10.0,104.5325,33.4986686706543,111168.1640625,1.1219682693481445,1.0
128,2026-06-27T03:00:00Z,Group G,First Stage,43855,Egypt,EGY,4-2-3-1,400021479,63,151648,99',1.0,15.0,13.0,3.0,1.0,1.0,2.0,1.0,0.0,5.0,6.0,0.0,0.0,8.0,2.0,10.0,3.0,7.0,1.0,30.0,4.0,6.118687629699707,12.212400436401367,0.0,15.0,4.0,8.0,16.0,3.0,169.0,30.0,16.0,0.0,16312.7001953125,1911.1600341796875,49281.2421875,5943.41015625,43717.4921875,219.0,298.0,6.0,10.0,6.0,21.0,18.0,60.0,52.0,11.0,15.0,19.0,20.0,16.0,0.6666666865348816,2.0,2.0,9.0,1.0,1.0,,0.0,1.0,0.0,2.0,3.0,0.0,175.0,13.0,15.0,65.0,51.0,33.0,37.0,122.0,26.0,15.0,7.0,11.0,2.0,84.0,56.0,36.0,54.0,104.0,6.0,12.0,2.0,71.0,1.0,0.0,0.0,0.0,85.0,110.0,192.0,213.0,174.0,387.0,0.0,0.0,588.0,525.0,0.0,0.0,12.520961463451385,13.267353177070618,44.29979622364044,1.3163634575903416,12.108060717582703,17.96092838048935,12.67702579498291,3.9902914315462112,3.6011554300785065,2.228512242436409,15.119576454162598,0.3416480962187052,22.522391378879547,2.979857288300991,15.626727044582367,5.025788396596909,5.963378399610519,58.0,0.5368114113807678,168.0,79.0,13.0,19.0,157.0,443.0,176.0,0.0,1410.0,487.0,5.0,5.0,8.0,61.0,14.0,104.63373333333334,33.45850372314453,117166.0,0.9231187701225281,3.0
129,2026-06-27T03:00:00Z,Group G,First Stage,43817,IR Iran,IRN,5-4-1,400021479,63,151648,99',0.0,13.0,15.0,3.0,3.0,1.0,0.0,2.0,0.0,4.0,3.0,1.0,1.0,10.0,3.0,5.0,3.0,3.0,0.0,21.0,6.0,6.198676586151123,16.488269805908203,0.0,11.0,5.0,2.0,11.0,3.0,278.0,45.0,10.0,0.0,16696.169921875,1744.9599609375,48216.37109375,6534.14990234375,45577.80078125,134.0,209.0,8.0,8.0,2.0,10.0,9.0,36.0,43.0,16.0,10.0,10.0,25.0,20.0,0.6666666865348816,2.0,2.0,10.0,1.0,1.0,,0.0,1.0,0.0,2.0,0.0,0.0,159.0,5.0,25.0,66.0,34.0,21.0,36.0,87.0,13.0,5.0,2.0,6.0,2.0,80.0,48.0,33.0,48.0,81.0,1.0,12.0,2.0,46.0,1.0,0.0,0.0,0.0,73.0,92.0,71.0,108.0,128.0,236.0,3.0,0.0,359.0,280.0,1.0,0.0,17.72085130214691,9.870859980583191,38.91094624996185,1.8995106220245361,8.847164362668991,12.520961463451385,8.008284121751785,1.8291441723704338,2.4049319326877594,7.474046945571899,29.907041788101196,1.0381628759205341,25.71464478969574,5.490340664982796,15.28974175453186,4.647984355688095,6.11141175031662,41.0,0.364406019449234,70.0,88.0,7.0,21.0,134.0,218.0,155.0,0.0,1432.0,472.0,3.0,3.0,9.0,39.0,15.0,104.63373333333334,34.049766540527344,118769.453125,2.2365217208862305,4.0
130,2026-06-27T03:00:00Z,Group G,First Stage,43978,New Zealand,NZL,4-2-3-1,400021481,64,151647,96',0.0,6.0,35.0,10.0,1.0,0.0,1.0,0.0,0.0,2.0,2.0,0.0,1.0,3.0,1.0,3.0,2.0,3.0,1.0,17.0,5.0,6.361195087432861,19.022705078125,0.0,11.0,3.0,5.0,13.0,1.0,321.0,51.0,6.0,0.0,18008.859375,2513.570068359375,49994.9296875,6869.56982421875,40241.16015625,190.0,262.0,8.0,4.0,2.0,13.0,8.0,39.0,32.0,10.0,5.0,7.0,43.0,40.0,0.5,5.0,5.0,10.0,1.0,5.0,,0.0,1.0,0.0,1.0,1.0,0.0,164.0,12.0,15.0,75.0,51.0,42.0,48.0,91.0,24.0,5.0,1.0,7.0,5.0,65.0,35.0,25.0,33.0,91.0,3.0,6.0,1.0,40.0,1.0,0.0,0.0,0.0,83.0,124.0,106.0,167.0,146.0,313.0,1.0,0.0,450.0,379.0,0.0,0.0,12.975366413593292,16.494257748126984,33.941107988357544,1.3954007998108864,8.333868533372879,12.518998980522156,11.923544108867645,3.798728436231613,5.35397008061409,3.0996501445770264,26.1875718832016,0.7513968273997307,16.185002028942108,3.9207499474287033,20.214085280895233,7.1586064994335175,4.930416122078896,52.0,0.4051454961299896,114.0,57.0,5.0,14.0,169.0,264.0,183.0,0.0,1522.0,526.0,5.0,5.0,7.0,40.0,17.0,101.13415,33.73603439331055,117628.0859375,0.29599860310554504,2.0
131,2026-06-27T03:00:00Z,Group G,First Stage,43935,Belgium,BEL,4-2-3-1,400021481,64,151647,96',3.0,35.0,6.0,2.0,8.0,2.0,1.0,3.0,1.0,10.0,17.0,0.0,0.0,23.0,7.0,14.0,10.0,12.0,3.0,38.0,7.0,6.472762107849121,16.279380798339844,0.0,27.0,6.0,8.0,25.0,7.0,249.0,32.0,10.0,0.0,17583.490234375,2677.409912109375,50530.19140625,6888.06982421875,42170.76171875,266.0,366.0,10.0,12.0,3.0,18.0,24.0,58.0,44.0,7.0,10.0,11.0,13.0,12.0,0.5,1.0,1.0,3.0,5.0,1.0,,0.0,4.0,1.0,4.0,1.0,0.0,208.0,15.0,22.0,73.0,53.0,33.0,36.0,147.0,29.0,18.0,8.0,10.0,4.0,106.0,76.0,53.0,65.0,131.0,7.0,13.0,3.0,87.0,1.0,0.0,0.0,0.0,149.0,164.0,132.0,240.0,205.0,445.0,1.0,0.0,530.0,475.0,0.0,0.0,12.518998980522156,16.870036721229553,27.188363671302795,2.314130961894989,8.098285645246506,12.975366413593292,24.45678859949112,3.4891221672296524,4.279229044914246,3.887568786740303,13.899432122707367,0.36714544985443354,28.588971495628357,4.681104421615601,17.989638447761536,3.1418222934007645,6.872819364070892,48.0,0.5008048415184021,156.0,148.0,18.0,27.0,197.0,359.0,224.0,0.0,1444.0,536.0,5.0,5.0,13.0,60.0,15.0,101.13415,34.82068634033203,119849.921875,3.9949653148651123,0.0
132,2026-06-27T21:00:00Z,Group L,First Stage,43914,Panama,PAN,3-4-3,400021508,67,151678,98',0.0,13.0,17.0,6.0,2.0,0.0,1.0,2.0,0.0,4.0,5.0,0.0,0.0,8.0,1.0,8.0,2.0,5.0,1.0,22.0,4.0,6.129988670349121,17.387554168701172,0.0,10.0,3.0,3.0,10.0,3.0,283.0,55.0,13.0,0.0,14289.5595703125,2276.1201171875,47034.5390625,6170.08984375,41497.12109375,143.0,223.0,3.0,3.0,4.0,10.0,13.0,25.0,55.0,16.0,12.0,17.0,26.0,24.0,0.6666666865348816,6.0,4.0,12.0,0.0,2.0,,0.0,0.0,0.0,2.0,4.0,0.0,171.0,10.0,20.0,71.0,46.0,36.0,41.0,93.0,19.0,5.0,1.0,3.0,6.0,81.0,42.0,30.0,45.0,108.0,2.0,8.0,2.0,68.0,1.0,0.0,0.0,0.0,69.0,77.0,45.0,111.0,80.0,191.0,4.0,0.0,306.0,231.0,0.0,0.0,23.468923568725586,10.827187448740005,17.861203849315643,1.9737483933568,7.837351411581039,11.401306092739105,7.786153256893158,3.4467604011297226,2.2476142272353172,8.19064974784851,31.909215450286865,0.5367905367165804,26.739075779914856,2.8482336550951004,23.087169229984283,5.603339895606041,9.03538092970848,33.0,0.33121830224990845,55.0,70.0,6.0,18.0,150.0,139.0,168.0,0.0,1244.0,492.0,5.0,5.0,7.0,26.0,24.0,98.92756666666666,33.21427917480469,111267.4296875,0.7199500799179077,2.0
133,2026-06-27T21:00:00Z,Group L,First Stage,43942,England,ENG,4-2-3-1,400021508,67,151678,98',2.0,17.0,13.0,2.0,2.0,3.0,1.0,2.0,1.0,2.0,8.0,0.0,0.0,12.0,4.0,9.0,6.0,5.0,2.0,25.0,7.0,6.353585720062256,8.707708358764648,1.0,19.0,6.0,7.0,29.0,5.0,228.0,46.0,16.0,0.0,15921.1298828125,3169.659912109375,45175.33984375,7552.56005859375,43386.55078125,224.0,313.0,7.0,10.0,6.0,20.0,27.0,71.0,44.0,13.0,16.0,20.0,19.0,17.0,1.0,2.0,2.0,8.0,2.0,0.0,,0.0,2.0,0.0,3.0,4.0,0.0,198.0,15.0,9.0,38.0,26.0,11.0,14.0,150.0,39.0,30.0,9.0,11.0,13.0,121.0,94.0,69.0,84.0,118.0,11.0,4.0,10.0,86.0,1.0,0.0,0.0,0.0,140.0,131.0,210.0,314.0,167.0,481.0,4.0,0.0,562.0,500.0,0.0,0.0,11.401306092739105,11.91089078783989,40.48112332820892,1.0903230868279934,16.26920998096466,23.468923568725586,20.730789005756378,5.0261542201042175,11.91234290599823,2.0163653418421745,6.580785661935806,0.22255433723330498,6.757854670286179,5.425777286291122,22.55043536424637,7.833263278007507,5.345931649208069,67.0,0.5766431093215942,190.0,126.0,27.0,27.0,174.0,398.0,201.0,0.0,1342.0,576.0,5.0,5.0,16.0,74.0,14.0,98.92756666666666,34.30588912963867,115205.2421875,1.6087400913238525,1.0
134,2026-06-27T21:00:00Z,Group L,First Stage,43938,Croatia,CRO,4-2-3-1,400021509,68,151677,98',2.0,8.0,6.0,1.0,2.0,0.0,1.0,0.0,0.0,0.0,5.0,0.0,0.0,3.0,2.0,2.0,4.0,5.0,2.0,27.0,7.0,6.007627010345459,18.69677734375,0.0,17.0,6.0,3.0,15.0,2.0,189.0,30.0,13.0,0.0,12943.4296875,1560.0499267578125,47495.9921875,4999.14013671875,43468.5390625,210.0,274.0,9.0,1.0,2.0,21.0,13.0,47.0,32.0,9.0,13.0,15.0,11.0,9.0,0.0,0.0,0.0,7.0,2.0,1.0,,0.0,1.0,1.0,3.0,2.0,0.0,149.0,6.0,20.0,67.0,47.0,39.0,41.0,94.0,14.0,8.0,6.0,7.0,1.0,68.0,39.0,30.0,41.0,89.0,1.0,7.0,1.0,52.0,1.0,0.0,0.0,0.0,78.0,123.0,116.0,174.0,143.0,317.0,1.0,0.0,538.0,487.0,0.0,0.0,8.779822289943695,15.527564287185669,47.118377685546875,1.4912253245711327,6.253626197576523,8.597172051668167,10.478908568620682,1.663234829902649,1.1365058831870556,3.370251879096031,20.063480734825134,0.9158030152320862,45.972174406051636,3.2388709485530853,15.274201333522797,2.9715247452259064,4.534690082073212,55.0,0.5084266662597656,125.0,71.0,4.0,12.0,162.0,379.0,174.0,0.0,1146.0,386.0,4.0,4.0,10.0,50.0,16.0,100.46176666666666,34.094669342041016,110467.1484375,0.4817662835121155,1.0
135,2026-06-27T21:00:00Z,Group L,First Stage,43860,Ghana,GHA,4-1-2-3,400021509,68,151677,98',1.0,6.0,8.0,4.0,2.0,2.0,0.0,0.0,0.0,2.0,1.0,0.0,0.0,3.0,1.0,3.0,1.0,3.0,0.0,27.0,5.0,5.8195037841796875,22.43856430053711,0.0,14.0,4.0,2.0,11.0,2.0,271.0,36.0,9.0,0.0,12203.599609375,1728.2099609375,45083.7109375,5039.73974609375,42340.328125,160.0,218.0,5.0,3.0,7.0,13.0,16.0,49.0,40.0,13.0,9.0,10.0,17.0,14.0,0.5,2.0,2.0,5.0,1.0,2.0,,0.0,1.0,0.0,0.0,1.0,0.0,94.0,4.0,7.0,20.0,9.0,8.0,9.0,53.0,11.0,5.0,3.0,4.0,3.0,63.0,39.0,36.0,49.0,39.0,0.0,1.0,2.0,21.0,1.0,0.0,0.0,0.0,99.0,74.0,84.0,143.0,114.0,257.0,2.0,0.0,466.0,411.0,0.0,0.0,8.597172051668167,12.650595605373383,53.969806432724,0.6848613731563091,6.839781254529953,8.779822289943695,5.787192285060883,5.1344893872737885,6.581246852874756,1.1228540912270546,19.24218386411667,0.1954518724232912,33.68080258369446,4.5998405665159225,12.734781205654144,3.004167601466179,4.26502525806427,45.0,0.43069183826446533,71.0,57.0,2.0,16.0,97.0,365.0,113.0,0.0,1081.0,416.0,5.0,5.0,11.0,50.0,10.0,100.46176666666666,34.1992073059082,106395.59375,0.7539400458335876,1.0
136,2026-06-27T23:30:00Z,Group K,First Stage,43926,Colombia,COL,4-1-2-3,400021505,71,151672,96',0.0,24.0,13.0,2.0,3.0,0.0,0.0,5.0,0.0,3.0,15.0,0.0,1.0,15.0,3.0,10.0,7.0,9.0,4.0,20.0,7.0,5.670891761779785,17.60860824584961,1.0,16.0,6.0,5.0,16.0,6.0,218.0,23.0,6.0,0.0,12180.83984375,2027.8499755859375,38620.48046875,5002.06982421875,45151.0703125,241.0,319.0,8.0,4.0,6.0,27.0,16.0,52.0,36.0,12.0,6.0,8.0,16.0,15.0,1.0,2.0,2.0,14.0,0.0,0.0,,0.0,0.0,0.0,3.0,2.0,0.0,184.0,8.0,22.0,72.0,55.0,39.0,42.0,139.0,17.0,13.0,3.0,5.0,4.0,95.0,71.0,51.0,61.0,99.0,6.0,10.0,4.0,73.0,1.0,0.0,0.0,0.0,116.0,169.0,109.0,212.0,182.0,394.0,3.0,0.0,547.0,491.0,0.0,0.0,7.718459516763687,16.056086122989655,38.52224349975586,0.9498691186308861,5.665873736143112,7.402776926755905,25.597015023231506,8.257270604372025,2.0852550864219666,3.632579743862152,24.938097596168518,0.2961596241220832,27.564692497253418,3.5648394376039505,20.712710916996002,4.1486624628305435,5.703336000442505,52.0,0.5188707113265991,144.0,132.0,14.0,15.0,181.0,373.0,196.0,0.0,1050.0,396.0,5.0,5.0,4.0,61.0,10.0,99.07828333333333,34.428585052490234,102982.3125,1.8451123237609863,1.0
137,2026-06-27T23:30:00Z,Group K,First Stage,43963,Portugal,POR,4-2-3-1,400021505,71,151672,96',0.0,13.0,24.0,7.0,4.0,2.0,1.0,1.0,1.0,2.0,5.0,0.0,1.0,5.0,1.0,7.0,2.0,8.0,1.0,32.0,7.0,5.735867500305176,26.325857162475586,1.0,16.0,7.0,2.0,14.0,2.0,303.0,29.0,12.0,0.0,11546.7099609375,1876.9801025390625,40322.98046875,4771.02978515625,45521.8515625,173.0,235.0,5.0,11.0,2.0,20.0,12.0,44.0,37.0,6.0,12.0,15.0,33.0,31.0,1.0,6.0,6.0,9.0,0.0,0.0,,0.0,0.0,0.0,1.0,3.0,0.0,158.0,13.0,10.0,63.0,52.0,37.0,40.0,121.0,22.0,12.0,4.0,9.0,0.0,73.0,57.0,42.0,50.0,74.0,8.0,7.0,0.0,48.0,1.0,0.0,0.0,0.0,83.0,124.0,74.0,154.0,127.0,281.0,2.0,0.0,456.0,421.0,0.0,0.0,7.402776926755905,16.58979505300522,39.37102556228638,1.2696024030447006,7.112686336040497,7.718459516763687,18.63863617181778,7.139471918344498,2.7445243671536446,1.807302050292492,28.579524159431458,0.18853151705116034,22.106607258319855,3.164856880903244,14.054231345653534,1.2702696956694126,4.431470483541489,48.0,0.41393226385116577,99.0,98.0,10.0,7.0,135.0,335.0,142.0,0.0,996.0,343.0,5.0,5.0,9.0,39.0,9.0,99.07828333333333,35.33224105834961,104039.546875,0.9729866981506348,0.0
138,2026-06-27T23:30:00Z,Group K,First Stage,20014,Congo DR,COD,4-4-2,400021500,72,151671,99',1.0,19.0,3.0,1.0,0.0,0.0,0.0,5.0,1.0,3.0,9.0,1.0,0.0,11.0,2.0,12.0,5.0,8.0,3.0,41.0,6.0,5.999870777130127,10.398469924926758,0.0,23.0,6.0,2.0,25.0,7.0,191.0,31.0,15.0,0.0,15291.3896484375,1532.8701171875,47400.69921875,5534.5400390625,45310.80078125,190.0,297.0,3.0,11.0,6.0,32.0,16.0,57.0,54.0,6.0,14.0,16.0,8.0,6.0,0.0,1.0,0.0,7.0,3.0,1.0,,0.0,2.0,1.0,2.0,1.0,0.0,191.0,6.0,23.0,69.0,46.0,34.0,40.0,121.0,19.0,6.0,2.0,11.0,2.0,103.0,69.0,56.0,72.0,115.0,3.0,9.0,1.0,70.0,1.0,0.0,0.0,0.0,128.0,170.0,106.0,255.0,149.0,404.0,3.0,0.0,495.0,419.0,1.0,1.0,18.06844174861908,14.237993955612183,31.225785613059998,1.4565750025212765,13.396094739437103,18.56507956981659,17.667385935783386,3.7510231137275696,5.09297139942646,3.072315640747547,16.389895975589752,0.4166179336607456,13.073033094406128,2.5874167680740356,22.85911738872528,2.8534675016999245,6.408511102199554,56.0,0.5303888320922852,135.0,105.0,9.0,22.0,163.0,357.0,185.0,0.0,1305.0,488.0,5.0,5.0,11.0,65.0,26.0,105.06288333333333,33.67913055419922,115070.3046875,2.1149635314941406,3.0
139,2026-06-27T23:30:00Z,Group K,First Stage,44005,Uzbekistan,UZB,3-4-3,400021500,72,151671,99',1.0,3.0,19.0,5.0,0.0,0.0,0.0,0.0,1.0,0.0,2.0,0.0,0.0,2.0,1.0,2.0,1.0,1.0,0.0,16.0,7.0,6.01814603805542,13.588736534118652,0.0,9.0,5.0,4.0,15.0,4.0,342.0,62.0,6.0,0.0,15254.33984375,1660.8499755859375,48241.91796875,5629.490234375,45013.2578125,154.0,227.0,4.0,4.0,3.0,16.0,16.0,39.0,54.0,16.0,6.0,9.0,27.0,23.0,0.25,1.0,1.0,15.0,1.0,3.0,,0.0,1.0,0.0,0.0,3.0,0.0,208.0,14.0,40.0,79.0,38.0,21.0,25.0,99.0,21.0,5.0,1.0,6.0,1.0,108.0,56.0,39.0,53.0,91.0,4.0,13.0,0.0,36.0,1.0,0.0,0.0,0.0,70.0,106.0,54.0,134.0,96.0,230.0,1.0,0.0,378.0,283.0,0.0,0.0,18.56507956981659,10.010524839162827,21.819084882736206,1.406268309801817,11.817001551389694,18.06844174861908,15.626826882362366,3.2796498388051987,4.3466877192258835,8.257806301116943,31.1985582113266,0.8555153384804726,18.418186902999878,4.3770551681518555,15.844638645648956,4.630463570356369,10.0295290350914,44.0,0.36980170011520386,73.0,103.0,6.0,16.0,159.0,207.0,175.0,0.0,1315.0,485.0,5.0,5.0,8.0,35.0,23.0,105.06288333333333,33.615360260009766,115799.859375,0.1632656455039978,2.0
140,2026-06-28T02:00:00Z,Group J,First Stage,43843,Algeria,ALG,4-2-3-1,400021497,69,151666,97',2.0,12.0,10.0,3.0,2.0,5.0,0.0,1.0,0.0,1.0,5.0,0.0,0.0,6.0,4.0,5.0,5.0,6.0,1.0,26.0,7.0,5.685670375823975,16.777618408203125,0.0,19.0,7.0,0.0,4.0,1.0,218.0,30.0,7.0,0.0,11104.6005859375,1329.610107421875,41744.3125,4347.85986328125,46674.83984375,252.0,301.0,8.0,5.0,7.0,24.0,15.0,68.0,39.0,3.0,6.0,10.0,14.0,13.0,0.0,0.0,0.0,9.0,3.0,3.0,,0.0,3.0,0.0,0.0,3.0,0.0,152.0,7.0,20.0,64.0,46.0,32.0,37.0,110.0,13.0,7.0,4.0,6.0,0.0,75.0,57.0,43.0,48.0,64.0,3.0,11.0,0.0,42.0,1.0,0.0,0.0,0.0,92.0,98.0,102.0,165.0,127.0,292.0,1.0,0.0,775.0,723.0,0.0,0.0,6.1083246022462845,15.138225257396698,56.68571591377258,0.8507329039275646,9.014543145895004,12.54958063364029,14.738519489765167,4.48991023004055,5.4594747722148895,1.9417550414800644,16.99141263961792,0.15224561793729663,28.001174330711365,5.0882089883089066,11.736070364713669,7.335834950208664,3.924724832177162,55.0,0.6074897646903992,106.0,87.0,5.0,14.0,163.0,611.0,177.0,0.0,998.0,331.0,4.0,4.0,12.0,62.0,16.0,100.75461666666666,32.21595764160156,105201.21875,1.5367189645767212,0.0
141,2026-06-28T02:00:00Z,Group J,First Stage,43934,Austria,AUT,4-2-3-1,400021497,69,151666,97',3.0,10.0,12.0,5.0,1.0,0.0,1.0,0.0,0.0,4.0,5.0,0.0,0.0,6.0,2.0,6.0,3.0,4.0,1.0,10.0,0.0,6.131498336791992,28.583723068237305,0.0,8.0,0.0,3.0,13.0,3.0,305.0,40.0,3.0,0.0,12694.7998046875,1410.719970703125,50150.1484375,4570.4599609375,44459.3125,150.0,218.0,5.0,4.0,7.0,16.0,13.0,29.0,24.0,7.0,3.0,4.0,13.0,13.0,0.4000000059604645,2.0,2.0,6.0,3.0,3.0,,0.0,2.0,1.0,2.0,1.0,0.0,122.0,6.0,15.0,37.0,26.0,13.0,16.0,88.0,16.0,10.0,3.0,7.0,3.0,69.0,52.0,36.0,45.0,75.0,4.0,9.0,3.0,47.0,1.0,0.0,0.0,0.0,64.0,54.0,78.0,117.0,79.0,196.0,3.0,0.0,405.0,355.0,0.0,0.0,12.54958063364029,12.148933857679367,42.707568407058716,2.409220300614834,4.486177489161491,6.1083246022462845,14.904044568538666,1.4090750366449356,1.9565301015973091,3.457578271627426,41.07080399990082,0.7519732695072889,33.40643048286438,2.3756755515933037,16.01250022649765,2.3663438856601715,3.927670046687126,44.0,0.33936208486557007,75.0,88.0,15.0,29.0,127.0,269.0,156.0,0.0,1149.0,345.0,5.0,5.0,2.0,38.0,10.0,100.75461666666666,31.73955535888672,113285.4375,1.064639925956726,1.0
142,2026-06-28T02:00:00Z,Group J,First Stage,43820,Jordan,JOR,3-4-3,400021495,70,151665,96',1.0,5.0,13.0,4.0,2.0,0.0,0.0,3.0,0.0,2.0,0.0,0.0,0.0,2.0,1.0,2.0,1.0,3.0,0.0,30.0,1.0,6.023608207702637,32.94026565551758,0.0,24.0,0.0,2.0,9.0,4.0,471.0,48.0,7.0,0.0,14367.5205078125,1455.2099609375,48708.859375,4925.0498046875,41153.8515625,144.0,211.0,4.0,3.0,0.0,15.0,8.0,39.0,37.0,13.0,7.0,10.0,21.0,17.0,0.25,1.0,1.0,9.0,1.0,3.0,,0.0,1.0,0.0,1.0,3.0,0.0,129.0,12.0,6.0,51.0,35.0,29.0,33.0,74.0,21.0,11.0,6.0,8.0,1.0,57.0,28.0,21.0,38.0,83.0,4.0,2.0,1.0,43.0,1.0,0.0,0.0,0.0,65.0,110.0,75.0,133.0,117.0,250.0,1.0,0.0,300.0,239.0,0.0,0.0,14.495880901813507,15.856336057186127,31.02400004863739,1.7545176669955254,5.225806310772896,6.443744897842407,14.874932169914246,3.2368212938308716,3.719905763864517,2.2161340340971947,27.70889103412628,1.0007867589592934,34.75216329097748,6.606608629226685,20.840291678905487,2.9834775254130363,6.244957074522972,44.0,0.2770226001739502,68.0,50.0,10.0,17.0,136.0,154.0,153.0,0.0,1295.0,397.0,5.0,5.0,13.0,29.0,11.0,100.13338333333334,33.425907135009766,110610.4921875,0.958511233329773,3.0
143,2026-06-28T02:00:00Z,Group J,First Stage,43922,Argentina,ARG,4-1-2-3,400021495,70,151665,96',0.0,13.0,5.0,1.0,0.0,0.0,1.0,1.0,3.0,2.0,3.0,1.0,1.0,7.0,2.0,8.0,4.0,6.0,2.0,25.0,6.0,5.7738871574401855,9.994112968444824,0.0,16.0,6.0,6.0,10.0,4.0,184.0,39.0,12.0,0.0,13556.3701171875,1473.02001953125,44203.65234375,4680.68017578125,41986.76953125,396.0,471.0,8.0,4.0,7.0,13.0,26.0,57.0,42.0,7.0,12.0,12.0,8.0,7.0,0.0,0.0,0.0,4.0,3.0,1.0,,2.0,1.0,2.0,2.0,0.0,0.0,182.0,6.0,15.0,67.0,52.0,40.0,46.0,144.0,17.0,8.0,4.0,9.0,2.0,98.0,84.0,71.0,75.0,99.0,3.0,9.0,1.0,76.0,1.0,0.0,0.0,0.0,96.0,233.0,199.0,308.0,220.0,528.0,3.0,0.0,824.0,762.0,1.0,1.0,6.443744897842407,24.927616119384766,45.131391286849976,0.7734067738056183,12.780769169330597,14.495880901813507,11.065302789211273,4.548610374331474,7.759284228086472,0.7002360187470913,18.774276971817017,0.5122816190123558,13.767802715301514,4.858231171965599,15.504327416419983,3.629130497574806,4.568056762218475,56.0,0.6761270761489868,242.0,131.0,8.0,21.0,246.0,567.0,267.0,0.0,1184.0,367.0,5.0,5.0,3.0,71.0,19.0,100.13338333333334,35.1959114074707,105900.4921875,2.523566961288452,0.0
144,2026-06-28T19:00:00Z,,Round of 32,43883,South Africa,RSA,4-2-3-1,400021518,73,151679,97',0.0,6.0,12.0,7.0,1.0,1.0,1.0,0.0,0.0,1.0,3.0,0.0,0.0,1.0,0.0,4.0,1.0,5.0,1.0,25.0,8.0,5.916430473327637,14.057197570800781,0.0,18.0,6.0,1.0,5.0,2.0,221.0,43.0,15.0,0.0,15197.8193359375,2325.22998046875,43955.3515625,6539.66015625,40160.109375,216.0,303.0,4.0,7.0,6.0,11.0,4.0,36.0,42.0,10.0,16.0,15.0,15.0,12.0,0.8333333134651184,5.0,5.0,12.0,0.0,1.0,,0.0,0.0,0.0,1.0,0.0,0.0,219.0,16.0,35.0,101.0,68.0,41.0,50.0,134.0,25.0,13.0,3.0,7.0,2.0,93.0,53.0,25.0,40.0,137.0,9.0,18.0,1.0,83.0,1.0,0.0,0.0,0.0,103.0,104.0,97.0,199.0,105.0,304.0,1.0,0.0,575.0,486.0,0.0,0.0,8.775491267442703,12.35482394695282,46.63557410240173,0.24325561244040728,15.409977734088898,21.17723375558853,5.727480724453926,2.8930868953466415,1.8215231597423553,4.667581245303154,16.445057094097137,1.1783147230744362,20.59483230113983,3.9768122136592865,15.598537027835846,5.374033749103546,4.179241135716438,50.0,0.558129608631134,99.0,76.0,13.0,28.0,163.0,397.0,191.0,0.0,1325.0,525.0,3.0,3.0,10.0,45.0,17.0,99.6512,35.16545867919922,108178.171875,0.15610863268375397,0.0
145,2026-06-28T19:00:00Z,,Round of 32,43899,Canada,CAN,4-4-2,400021518,73,151679,97',0.0,12.0,6.0,1.0,1.0,0.0,3.0,0.0,0.0,3.0,4.0,0.0,0.0,9.0,6.0,5.0,7.0,3.0,1.0,29.0,0.0,6.404029846191406,20.945472717285156,1.0,15.0,0.0,4.0,14.0,5.0,344.0,62.0,10.0,0.0,18193.91015625,2817.43994140625,47650.0390625,7870.22998046875,40508.2890625,196.0,277.0,10.0,5.0,6.0,24.0,16.0,59.0,49.0,16.0,9.0,11.0,11.0,9.0,1.0,2.0,1.0,4.0,1.0,0.0,,0.0,0.0,1.0,4.0,1.0,0.0,150.0,9.0,12.0,45.0,30.0,23.0,24.0,91.0,19.0,7.0,3.0,6.0,4.0,86.0,54.0,45.0,61.0,96.0,2.0,5.0,2.0,64.0,1.0,0.0,0.0,0.0,80.0,104.0,69.0,140.0,113.0,253.0,0.0,0.0,390.0,314.0,0.0,0.0,21.17723375558853,10.195394605398178,24.428409337997437,3.09577863663435,8.641060441732407,8.775491267442703,14.885681867599487,8.935528248548508,7.20256045460701,2.394465170800686,5.720164626836777,0.37494285497814417,40.30909836292267,3.934156522154808,18.644937872886658,5.21261990070343,6.68342262506485,49.0,0.3564504086971283,108.0,103.0,8.0,23.0,167.0,224.0,190.0,0.0,1539.0,607.0,5.0,5.0,6.0,55.0,21.0,99.6512,34.977622985839844,117039.90625,1.330659031867981,2.0
146,2026-06-29T17:00:00Z,,Round of 32,43924,Brazil,BRA,4-1-2-3,400021516,76,151681,101',2.0,19.0,5.0,2.0,2.0,1.0,1.0,1.0,0.0,3.0,13.0,0.0,0.0,12.0,5.0,10.0,7.0,7.0,2.0,23.0,7.0,5.730794906616211,16.93045425415039,0.0,15.0,7.0,6.0,30.0,7.0,200.0,35.0,13.0,0.0,13309.2197265625,1984.610107421875,42450.69921875,4887.509765625,47404.76953125,269.0,358.0,11.0,13.0,8.0,34.0,27.0,73.0,40.0,4.0,10.0,13.0,7.0,6.0,0.5,1.0,1.0,4.0,2.0,1.0,,0.0,2.0,0.0,6.0,0.0,0.0,188.0,6.0,9.0,37.0,20.0,16.0,22.0,127.0,23.0,14.0,9.0,10.0,7.0,128.0,93.0,86.0,106.0,94.0,2.0,2.0,3.0,63.0,1.0,0.0,0.0,0.0,123.0,151.0,213.0,293.0,194.0,487.0,1.0,0.0,715.0,652.0,0.0,0.0,5.516523122787476,16.004860401153564,51.506006717681885,0.9629531763494015,7.678374648094177,12.545643746852875,24.580515921115875,10.028690844774246,6.506115198135376,1.6175959259271622,17.197009921073914,0.3738480154424906,11.321219801902771,3.027009777724743,15.63703715801239,5.800440534949303,4.197318479418755,66.0,0.6157566905021667,170.0,119.0,11.0,21.0,169.0,553.0,190.0,0.0,1192.0,391.0,4.0,4.0,8.0,72.0,21.0,104.65333333333334,33.792877197265625,110036.8125,2.1221704483032227,2.0
147,2026-06-29T17:00:00Z,,Round of 32,43819,Japan,JPN,3-4-3,400021516,76,151681,101',0.0,5.0,19.0,7.0,1.0,1.0,1.0,0.0,1.0,0.0,2.0,0.0,0.0,2.0,1.0,2.0,2.0,3.0,1.0,12.0,6.0,6.005293369293213,25.972265243530273,0.0,9.0,4.0,2.0,12.0,2.0,362.0,48.0,4.0,0.0,13987.759765625,2071.419921875,50149.3125,5307.76025390625,43366.171875,117.0,172.0,5.0,6.0,3.0,9.0,18.0,25.0,34.0,13.0,4.0,5.0,38.0,28.0,0.6666666865348816,5.0,4.0,10.0,1.0,2.0,,0.0,0.0,1.0,1.0,1.0,0.0,147.0,11.0,20.0,63.0,42.0,27.0,32.0,89.0,16.0,5.0,2.0,4.0,1.0,68.0,42.0,26.0,36.0,69.0,2.0,13.0,1.0,35.0,1.0,0.0,0.0,0.0,64.0,152.0,91.0,167.0,140.0,307.0,0.0,0.0,330.0,279.0,0.0,0.0,12.545643746852875,11.384976655244827,34.17811393737793,2.724163979291916,4.26509715616703,5.516523122787476,13.699066638946533,4.2336877435445786,2.145773731172085,5.4178982973098755,59.835344552993774,0.8224364370107651,13.918599486351013,1.7440611496567726,18.308410048484802,2.8285199776291847,5.175911262631416,34.0,0.3025676906108856,103.0,71.0,6.0,19.0,107.0,213.0,126.0,0.0,1190.0,424.0,5.0,5.0,5.0,28.0,16.0,104.65333333333334,33.3029670715332,114882.421875,0.2597207725048065,3.0
148,2026-06-30T01:00:00Z,,Round of 32,43960,Netherlands,NED,3-4-3,400021522,75,151680,130',1.0,6.0,11.0,5.0,2.0,0.0,1.0,0.0,0.0,2.0,2.0,0.0,0.0,4.0,2.0,2.0,2.0,2.0,0.0,19.0,4.0,5.558475971221924,23.912443161010742,0.0,11.0,3.0,5.0,10.0,2.0,340.0,43.0,15.0,0.0,15351.9296875,2317.64990234375,53791.96875,5224.16015625,60952.3984375,126.0,206.0,10.0,3.0,5.0,11.0,16.0,34.0,51.0,18.0,15.0,15.0,13.0,13.0,0.800000011920929,5.0,4.0,8.0,1.0,1.0,,0.0,1.0,0.0,2.0,0.0,0.0,149.0,5.0,23.0,53.0,30.0,19.0,25.0,75.0,11.0,4.0,1.0,3.0,3.0,85.0,41.0,29.0,54.0,81.0,2.0,9.0,1.0,39.0,1.0,0.0,0.0,0.0,74.0,60.0,58.0,119.0,73.0,192.0,3.0,0.0,395.0,307.0,0.0,0.0,19.49540078639984,10.56208461523056,36.007919907569885,0.5327031016349792,5.457916855812073,8.07870626449585,7.726111263036728,1.8797431141138077,1.1119123548269272,5.622125789523125,39.89492058753967,0.40795300155878067,32.43638575077057,2.363242954015732,16.359223425388336,2.8852030634880066,9.535002708435059,17.0,0.3107396960258484,58.0,68.0,5.0,24.0,130.0,238.0,154.0,0.0,1322.0,411.0,6.0,6.0,4.0,36.0,28.0,135.04268333333334,35.78534698486328,137638.109375,0.3301273584365845,0.0
149,2026-06-30T01:00:00Z,,Round of 32,43872,Morocco,MAR,4-2-3-1,400021522,75,151680,130',1.0,11.0,6.0,2.0,2.0,1.0,1.0,1.0,0.0,3.0,5.0,0.0,0.0,5.0,3.0,4.0,5.0,6.0,2.0,26.0,4.0,5.63311767578125,10.623883247375488,0.0,17.0,3.0,8.0,19.0,4.0,244.0,64.0,18.0,0.0,15754.1298828125,2916.039794921875,54475.6796875,6495.27001953125,59825.7578125,289.0,373.0,6.0,7.0,7.0,24.0,35.0,62.0,52.0,15.0,13.0,21.0,14.0,10.0,0.5,2.0,1.0,5.0,1.0,1.0,,0.0,1.0,0.0,2.0,3.0,0.0,166.0,12.0,9.0,40.0,21.0,13.0,19.0,109.0,20.0,10.0,2.0,3.0,5.0,106.0,78.0,66.0,80.0,75.0,4.0,4.0,4.0,36.0,1.0,0.0,0.0,0.0,156.0,130.0,178.0,286.0,178.0,464.0,0.0,0.0,891.0,813.0,0.0,0.0,8.07870626449585,16.150544583797455,52.939802408218384,0.4264963325113058,14.408533275127411,19.59504336118698,13.173997402191162,1.9915686920285225,4.955288767814636,1.632498949766159,16.140776872634888,0.6259581074118614,23.686765134334564,4.457077011466026,11.028467118740082,6.245528906583786,3.468974307179451,83.0,0.6138874292373657,151.0,111.0,11.0,23.0,233.0,659.0,256.0,0.0,1335.0,525.0,5.0,5.0,8.0,64.0,17.0,135.04268333333334,35.475669860839844,139466.875,1.295412302017212,1.0
150,2026-06-29T20:30:00Z,,Round of 32,43948,Germany,GER,4-2-3-1,400021513,74,151682,132',1.0,21.0,7.0,3.0,7.0,0.0,4.0,4.0,3.0,7.0,3.0,0.0,0.0,11.0,5.0,7.0,6.0,10.0,1.0,46.0,3.0,6.048050880432129,8.48133373260498,0.0,26.0,2.0,16.0,52.0,9.0,164.0,32.0,12.0,0.0,19170.529296875,2658.1298828125,64943.90234375,6561.83984375,59034.2578125,298.0,415.0,12.0,11.0,4.0,32.0,64.0,84.0,45.0,18.0,12.0,13.0,11.0,9.0,0.6666666865348816,4.0,2.0,5.0,1.0,1.0,,0.0,1.0,0.0,6.0,1.0,0.0,233.0,5.0,19.0,81.0,72.0,55.0,57.0,179.0,18.0,10.0,7.0,10.0,3.0,134.0,97.0,79.0,107.0,96.0,2.0,15.0,1.0,70.0,1.0,0.0,0.0,0.0,141.0,177.0,160.0,231.0,247.0,478.0,4.0,0.0,834.0,752.0,0.0,0.0,8.29564556479454,15.962894260883331,42.947885394096375,1.2737943790853024,19.27889883518219,29.39923107624054,30.86826205253601,1.9655503332614899,5.86964339017868,0.6644405424594879,9.245588630437851,1.512423437088728,3.8980916142463684,2.7622735127806664,18.62201690673828,5.788620933890343,5.312803760170937,43.0,0.6549488306045532,193.0,157.0,11.0,27.0,224.0,651.0,251.0,0.0,1640.0,472.0,6.0,6.0,15.0,82.0,23.0,137.36863333333335,33.87474060058594,152368.65625,1.2522279024124146,2.0
151,2026-06-29T20:30:00Z,,Round of 32,43928,Paraguay,PAR,4-4-2,400021513,74,151682,132',1.0,7.0,21.0,6.0,0.0,0.0,2.0,2.0,0.0,3.0,0.0,0.0,0.0,6.0,3.0,4.0,3.0,1.0,0.0,28.0,2.0,5.720904350280762,20.11342430114746,0.0,10.0,2.0,6.0,20.0,6.0,410.0,69.0,17.0,0.0,15600.3798828125,2281.969970703125,59408.30078125,6087.7900390625,60436.08984375,100.0,186.0,9.0,9.0,2.0,10.0,9.0,14.0,59.0,12.0,17.0,21.0,29.0,26.0,0.8333333134651184,7.0,5.0,14.0,1.0,1.0,,0.0,1.0,0.0,3.0,4.0,0.0,171.0,16.0,24.0,57.0,24.0,14.0,17.0,62.0,26.0,6.0,5.0,9.0,1.0,88.0,32.0,22.0,47.0,73.0,1.0,9.0,0.0,26.0,1.0,0.0,0.0,0.0,36.0,57.0,38.0,71.0,60.0,131.0,1.0,0.0,264.0,166.0,0.0,0.0,29.39923107624054,8.33483338356018,13.391248881816864,1.913035660982132,6.431539356708527,8.29564556479454,11.523226648569107,0.6093538366258144,0.5569875240325928,14.241987466812134,50.14519691467285,0.76917321421206,15.847280621528625,1.7777355387806892,9.886268526315689,3.95875982940197,9.50666218996048,56.0,0.2368655949831009,47.0,73.0,7.0,23.0,108.0,141.0,131.0,0.0,1341.0,457.0,6.0,6.0,5.0,18.0,12.0,137.36863333333335,33.058658599853516,143814.53125,0.6064261794090271,2.0
152,2026-06-30T17:00:00Z,,Round of 32,43854,Côte d'Ivoire,CIV,4-1-2-3,400021514,78,151684,98',1.0,14.0,9.0,4.0,2.0,2.0,1.0,1.0,1.0,4.0,4.0,0.0,0.0,10.0,3.0,4.0,5.0,4.0,2.0,27.0,7.0,5.670109748840332,17.381227493286133,0.0,17.0,6.0,14.0,33.0,8.0,318.0,57.0,7.0,0.0,13039.91015625,2401.080078125,41479.9609375,5430.64013671875,43424.359375,195.0,274.0,6.0,3.0,5.0,21.0,19.0,56.0,45.0,6.0,7.0,9.0,12.0,10.0,0.3333333432674408,2.0,1.0,3.0,1.0,2.0,,0.0,1.0,0.0,3.0,2.0,0.0,154.0,10.0,8.0,53.0,40.0,31.0,35.0,109.0,28.0,16.0,6.0,13.0,5.0,73.0,53.0,39.0,50.0,96.0,5.0,4.0,5.0,68.0,1.0,0.0,0.0,0.0,89.0,88.0,89.0,144.0,122.0,266.0,2.0,0.0,406.0,353.0,0.0,0.0,12.731193006038666,12.876662611961365,29.67321276664734,3.049667552113533,8.117537200450897,12.216071784496307,27.11450457572937,7.829102128744125,6.670060008764267,2.6807980611920357,20.098194479942322,0.3891752101480961,25.54028630256653,5.559797212481499,20.141053199768066,2.4739665910601616,8.146300911903381,56.0,0.41337138414382935,109.0,102.0,17.0,26.0,167.0,256.0,193.0,0.0,1139.0,414.0,5.0,5.0,10.0,57.0,16.0,101.71325,34.71274948120117,105775.953125,1.4257762432098389,0.0
153,2026-06-30T17:00:00Z,,Round of 32,43961,Norway,NOR,4-2-1-3,400021514,78,151684,98',2.0,9.0,14.0,5.0,3.0,0.0,1.0,3.0,0.0,2.0,3.0,0.0,0.0,8.0,4.0,2.0,4.0,1.0,0.0,36.0,2.0,6.14033842086792,14.876066207885742,0.0,19.0,2.0,3.0,15.0,7.0,216.0,42.0,6.0,0.0,15191.6396484375,2822.389892578125,45382.37109375,6194.02978515625,44865.30859375,258.0,331.0,5.0,4.0,7.0,15.0,21.0,41.0,31.0,7.0,4.0,8.0,22.0,20.0,0.800000011920929,4.0,4.0,12.0,2.0,1.0,,0.0,2.0,0.0,3.0,2.0,0.0,157.0,5.0,12.0,68.0,53.0,46.0,51.0,112.0,15.0,5.0,3.0,7.0,3.0,74.0,54.0,46.0,54.0,94.0,1.0,6.0,1.0,64.0,1.0,0.0,0.0,0.0,66.0,173.0,70.0,156.0,153.0,309.0,2.0,0.0,492.0,442.0,0.0,0.0,12.216071784496307,17.469406127929688,35.66202223300934,0.34887914080172777,9.119129180908203,12.731193006038666,15.424911677837372,3.7679240107536316,6.404561549425125,3.017963655292988,30.42653799057007,0.9143806993961334,17.829124629497528,2.2067228332161903,15.3994619846344,8.11123251914978,6.837607175111771,44.0,0.5019028782844543,136.0,119.0,4.0,13.0,174.0,323.0,187.0,0.0,1272.0,464.0,3.0,3.0,8.0,43.0,23.0,101.71325,34.862422943115234,114455.7421875,2.295567274093628,1.0
154,2026-06-30T21:00:00Z,,Round of 32,43946,France,FRA,4-2-3-1,400021523,77,151685,95',3.0,25.0,8.0,3.0,0.0,5.0,0.0,2.0,0.0,3.0,13.0,0.0,1.0,15.0,6.0,10.0,12.0,10.0,6.0,33.0,5.0,6.002005577087402,14.482566833496094,1.0,20.0,5.0,9.0,22.0,5.0,213.0,38.0,10.0,0.0,12198.25,2026.469970703125,42118.4921875,4860.5400390625,46477.078125,275.0,363.0,9.0,11.0,9.0,28.0,12.0,66.0,35.0,14.0,9.0,11.0,13.0,10.0,1.0,4.0,3.0,8.0,3.0,0.0,,0.0,3.0,0.0,1.0,1.0,0.0,186.0,9.0,13.0,61.0,50.0,37.0,39.0,146.0,25.0,16.0,10.0,12.0,4.0,100.0,80.0,66.0,74.0,105.0,5.0,8.0,1.0,82.0,1.0,0.0,0.0,0.0,110.0,130.0,138.0,225.0,153.0,378.0,3.0,0.0,548.0,498.0,0.0,0.0,10.328753292560577,18.310430645942688,35.466113686561584,1.240059733390808,8.854139596223831,15.052562952041626,25.311031937599182,4.5019712299108505,4.622864723205566,1.937783695757389,16.33639931678772,0.8055190555751324,25.43363869190216,3.890933096408844,18.70448738336563,3.4034166485071182,5.671165883541107,55.0,0.5354740619659424,157.0,134.0,18.0,17.0,242.0,321.0,259.0,0.0,1045.0,368.0,5.0,5.0,11.0,61.0,10.0,97.981,35.3914794921875,107680.828125,2.9023971557617188,0.0
155,2026-06-30T21:00:00Z,,Round of 32,43970,Sweden,SWE,4-4-2,400021523,77,151685,95',0.0,8.0,25.0,12.0,0.0,0.0,1.0,1.0,0.0,3.0,2.0,0.0,0.0,6.0,2.0,4.0,3.0,2.0,1.0,16.0,2.0,5.977344512939453,20.780759811401367,0.0,11.0,1.0,1.0,11.0,2.0,258.0,42.0,14.0,0.0,11362.41015625,1860.1199951171875,44692.54296875,4563.6298828125,44780.578125,131.0,191.0,10.0,3.0,6.0,7.0,17.0,31.0,34.0,10.0,13.0,17.0,34.0,31.0,0.75,10.0,9.0,8.0,0.0,3.0,,0.0,0.0,0.0,2.0,3.0,0.0,156.0,16.0,6.0,55.0,28.0,24.0,33.0,77.0,24.0,6.0,3.0,8.0,0.0,77.0,43.0,39.0,55.0,69.0,3.0,1.0,0.0,33.0,1.0,0.0,0.0,0.0,58.0,107.0,85.0,137.0,113.0,250.0,1.0,0.0,365.0,296.0,0.0,0.0,15.052562952041626,14.614979922771454,36.40998601913452,1.819973811507225,8.92518013715744,10.328753292560577,12.151116877794266,2.6903506368398666,1.1171708814799786,5.459921061992645,37.79592216014862,0.9059240110218525,24.25987422466278,2.142936922609806,15.487515926361084,3.648070991039276,7.954008132219315,45.0,0.3802601397037506,94.0,78.0,6.0,26.0,94.0,244.0,120.0,0.0,986.0,346.0,5.0,5.0,6.0,39.0,19.0,97.981,37.15757751464844,107259.28125,0.7101479172706604,0.0
156,2026-07-01T02:00:00Z,,Round of 32,43911,Mexico,MEX,4-1-2-3,400021520,79,151683,99',2.0,15.0,7.0,1.0,2.0,0.0,2.0,2.0,0.0,1.0,10.0,0.0,0.0,9.0,2.0,10.0,3.0,6.0,1.0,15.0,2.0,5.942237377166748,15.365547180175781,1.0,10.0,1.0,3.0,10.0,5.0,215.0,37.0,14.0,0.0,15004.7294921875,2420.030029296875,44121.9609375,6189.85986328125,45550.28125,141.0,201.0,5.0,6.0,5.0,17.0,13.0,28.0,33.0,10.0,14.0,15.0,13.0,10.0,1.0,1.0,1.0,13.0,2.0,0.0,,0.0,1.0,1.0,4.0,1.0,0.0,146.0,10.0,25.0,58.0,41.0,22.0,23.0,96.0,19.0,10.0,6.0,9.0,0.0,69.0,45.0,26.0,34.0,74.0,4.0,15.0,0.0,49.0,1.0,0.0,0.0,0.0,73.0,131.0,71.0,168.0,107.0,275.0,0.0,0.0,317.0,259.0,0.0,0.0,19.046364724636078,9.891336411237717,22.780610620975494,2.525150775909424,6.6847555339336395,8.321411162614822,13.665886223316193,1.6280217096209526,2.2866304963827133,6.23459555208683,38.04390728473663,0.09990133112296462,20.429205894470215,2.259496785700321,18.379810452461243,7.582634687423706,7.482444494962692,34.0,0.3712064325809479,95.0,84.0,11.0,20.0,136.0,170.0,156.0,0.0,1272.0,487.0,5.0,5.0,6.0,38.0,16.0,104.07683333333333,34.84904098510742,113286.859375,1.864870309829712,0.0
157,2026-07-01T02:00:00Z,,Round of 32,43927,Ecuador,ECU,4-4-2,400021520,79,151683,99',0.0,7.0,15.0,3.0,1.0,1.0,0.0,0.0,0.0,2.0,4.0,0.0,0.0,5.0,1.0,4.0,1.0,2.0,0.0,23.0,4.0,5.521066188812256,11.725061416625977,0.0,15.0,4.0,8.0,27.0,3.0,191.0,37.0,10.0,1.0,13425.6708984375,2547.150146484375,39158.390625,5640.0498046875,44238.66015625,152.0,217.0,10.0,8.0,1.0,25.0,11.0,68.0,35.0,14.0,10.0,10.0,17.0,16.0,0.3333333432674408,1.0,1.0,14.0,0.0,2.0,,0.0,0.0,0.0,1.0,0.0,0.0,162.0,14.0,16.0,48.0,25.0,15.0,18.0,83.0,19.0,7.0,2.0,3.0,2.0,95.0,51.0,41.0,63.0,73.0,5.0,5.0,0.0,38.0,1.0,0.0,0.0,0.0,74.0,79.0,90.0,117.0,126.0,243.0,1.0,0.0,420.0,353.0,0.0,0.0,8.321411162614822,16.290083527565002,42.04366207122803,0.7844104431569576,12.51569539308548,19.046364724636078,18.99358630180359,2.7638697996735573,7.74441584944725,5.583374574780464,10.125405341386795,0.47123744152486324,11.373253911733627,5.129357799887657,19.19955611228943,5.910619720816612,7.5259000062942505,66.0,0.5286051630973816,85.0,75.0,5.0,19.0,111.0,297.0,130.0,1.0,1108.0,457.0,5.0,5.0,12.0,62.0,22.0,104.07683333333333,34.485877990722656,105009.921875,0.46648746728897095,3.0
158,2026-07-01T16:00:00Z,,Round of 32,43942,England,ENG,4-2-3-1,400021512,80,151688,97',2.0,16.0,7.0,2.0,4.0,1.0,1.0,4.0,0.0,3.0,7.0,0.0,0.0,13.0,7.0,4.0,7.0,3.0,0.0,41.0,6.0,6.123562812805176,13.78976821899414,0.0,26.0,4.0,5.0,42.0,9.0,246.0,44.0,12.0,0.0,14772.8701171875,2329.280029296875,46454.5703125,5933.7900390625,46009.33984375,232.0,324.0,10.0,8.0,4.0,27.0,36.0,69.0,35.0,10.0,12.0,16.0,8.0,8.0,0.5,1.0,1.0,5.0,2.0,1.0,,0.0,2.0,0.0,5.0,4.0,0.0,204.0,17.0,12.0,54.0,43.0,23.0,25.0,161.0,34.0,25.0,9.0,14.0,3.0,116.0,93.0,70.0,84.0,91.0,13.0,7.0,3.0,65.0,1.0,0.0,0.0,0.0,135.0,188.0,167.0,263.0,227.0,490.0,0.0,0.0,523.0,482.0,0.0,0.0,11.68498769402504,14.900392293930054,32.98841118812561,0.9663081727921963,11.127156019210815,16.173601150512695,30.74129819869995,10.1475290954113,9.160096943378448,1.7808245494961739,16.099445521831512,0.10407723020762205,15.463273227214813,4.570291191339493,24.838286638259888,6.352613866329193,5.1123060286045074,61.0,0.5346291065216064,169.0,119.0,24.0,24.0,180.0,379.0,204.0,0.0,1250.0,459.0,4.0,4.0,12.0,68.0,15.0,102.97105,35.17277908325195,115499.8515625,1.747379183769226,1.0
159,2026-07-01T16:00:00Z,,Round of 32,20014,Congo DR,COD,4-1-4-1,400021512,80,151688,97',1.0,7.0,16.0,7.0,1.0,0.0,0.0,1.0,1.0,1.0,4.0,0.0,0.0,2.0,1.0,4.0,2.0,5.0,1.0,31.0,4.0,6.044444561004639,22.485836029052734,0.0,19.0,3.0,3.0,16.0,2.0,336.0,60.0,10.0,0.0,14335.650390625,2004.5400390625,48957.078125,5748.6298828125,42922.640625,186.0,271.0,2.0,5.0,4.0,16.0,9.0,28.0,36.0,12.0,10.0,10.0,28.0,25.0,0.6666666865348816,5.0,4.0,16.0,1.0,2.0,,0.0,1.0,0.0,0.0,0.0,0.0,170.0,6.0,26.0,68.0,46.0,33.0,36.0,106.0,19.0,9.0,5.0,9.0,4.0,83.0,51.0,37.0,47.0,100.0,3.0,10.0,1.0,66.0,1.0,0.0,0.0,0.0,74.0,127.0,111.0,192.0,120.0,312.0,4.0,0.0,392.0,326.0,0.0,0.0,16.173601150512695,12.415111809968948,26.58652663230896,1.6157988458871841,9.597603231668472,11.793126910924911,13.316680490970612,3.0338505282998085,1.058573741465807,5.612364411354065,38.06301951408386,0.23711258545517921,17.466962337493896,2.5705385953187943,21.839304268360138,6.295884400606155,7.150105386972427,39.0,0.3792283833026886,114.0,87.0,6.0,13.0,175.0,206.0,188.0,0.0,1233.0,426.0,5.0,5.0,7.0,32.0,24.0,102.97105,34.351844787597656,113968.5390625,0.641399621963501,1.0
160,2026-07-01T20:00:00Z,,Round of 32,43935,Belgium,BEL,4-2-3-1,400021525,82,151686,132',2.0,19.0,19.0,5.0,5.0,1.0,1.0,3.0,1.0,2.0,10.0,1.0,0.0,10.0,3.0,8.0,5.0,9.0,2.0,26.0,6.0,6.072328090667725,15.686633110046387,0.0,17.0,4.0,4.0,27.0,7.0,351.0,44.0,11.0,0.0,22756.6484375,3027.7998046875,68084.2109375,8482.9501953125,58137.30859375,281.0,386.0,10.0,7.0,14.0,31.0,23.0,49.0,45.0,22.0,12.0,13.0,27.0,23.0,0.6000000238418579,4.0,3.0,10.0,3.0,2.0,,0.0,3.0,0.0,4.0,2.0,0.0,205.0,7.0,29.0,72.0,51.0,32.0,36.0,132.0,22.0,12.0,4.0,8.0,7.0,111.0,69.0,45.0,68.0,106.0,3.0,16.0,5.0,70.0,1.0,0.0,0.0,0.0,156.0,191.0,170.0,286.0,231.0,517.0,2.0,0.0,695.0,607.0,1.0,1.0,11.491046100854874,12.098224461078644,45.49150764942169,0.5495349876582623,7.651816308498383,11.131656169891357,13.595418632030487,3.817995637655258,3.930436447262764,3.3325646072626114,27.556365728378296,0.6071812473237514,19.97617930173874,3.185827285051346,17.467527091503143,7.289506494998932,3.7199292331933975,73.0,0.4825949966907501,178.0,108.0,12.0,27.0,186.0,508.0,213.0,0.0,1880.0,648.0,6.0,6.0,8.0,53.0,16.0,144.55868333333333,32.76335525512695,160488.921875,1.742457389831543,1.0
161,2026-07-01T20:00:00Z,,Round of 32,43879,Senegal,SEN,4-3-3,400021525,82,151686,132',1.0,19.0,19.0,5.0,3.0,0.0,0.0,3.0,1.0,5.0,8.0,0.0,2.0,10.0,3.0,11.0,5.0,9.0,2.0,33.0,8.0,5.776304721832275,22.669649124145508,0.0,18.0,6.0,2.0,27.0,7.0,352.0,62.0,21.0,0.0,18766.529296875,2687.39990234375,66146.890625,7348.68017578125,57986.5390625,292.0,393.0,9.0,5.0,4.0,22.0,28.0,47.0,52.0,12.0,20.0,24.0,34.0,30.0,0.4000000059604645,4.0,2.0,12.0,2.0,3.0,,0.0,2.0,0.0,1.0,3.0,0.0,255.0,12.0,37.0,93.0,60.0,37.0,44.0,166.0,29.0,16.0,9.0,17.0,0.0,133.0,90.0,67.0,84.0,123.0,7.0,16.0,0.0,88.0,1.0,0.0,0.0,0.0,119.0,156.0,145.0,238.0,182.0,420.0,2.0,0.0,638.0,555.0,0.0,0.0,11.131656169891357,16.084055602550507,36.504167318344116,2.0772427320480347,6.929521262645721,11.491046100854874,18.905074894428253,4.196448996663094,2.2457920014858246,5.5704087018966675,25.186380743980408,0.35738989245146513,27.12320387363434,3.7645068019628525,15.732574462890625,4.951963573694229,6.167595461010933,26.0,0.42931658029556274,164.0,135.0,17.0,24.0,268.0,363.0,292.0,0.0,1625.0,599.0,6.0,6.0,7.0,47.0,19.0,144.55868333333333,34.7191047668457,152936.046875,2.0859365463256836,1.0
162,2026-07-02T00:00:00Z,,Round of 32,43921,USA,USA,3-5-2,400021524,81,151687,101',0.0,8.0,10.0,3.0,0.0,0.0,0.0,2.0,1.0,2.0,2.0,0.0,0.0,6.0,1.0,5.0,2.0,2.0,1.0,31.0,5.0,5.985265254974365,16.22292137145996,1.0,17.0,4.0,4.0,19.0,5.0,206.0,38.0,13.0,1.0,16546.080078125,2198.429931640625,49620.828125,5877.509765625,42794.58203125,180.0,247.0,6.0,3.0,8.0,17.0,20.0,40.0,43.0,7.0,13.0,13.0,20.0,15.0,1.0,4.0,3.0,4.0,2.0,0.0,,1.0,1.0,1.0,0.0,0.0,0.0,178.0,15.0,16.0,55.0,35.0,21.0,24.0,105.0,30.0,14.0,5.0,9.0,6.0,93.0,56.0,38.0,56.0,91.0,5.0,9.0,4.0,55.0,1.0,0.0,0.0,0.0,106.0,122.0,78.0,178.0,128.0,306.0,3.0,0.0,425.0,362.0,0.0,0.0,14.160589873790741,10.555491596460342,35.643270611763,1.3298864476382732,10.103785991668701,13.148660957813263,13.738730549812317,2.370144985616207,5.481266975402832,3.787732496857643,24.620310962200165,0.0,27.127856016159058,3.2607894390821457,18.27886402606964,3.4178178757429123,7.682216167449951,37.0,0.4398060441017151,105.0,87.0,12.0,15.0,142.0,285.0,157.0,1.0,1387.0,480.0,3.0,3.0,9.0,48.0,20.0,110.10198333333334,33.770572662353516,117037.4296875,0.797344446182251,0.0
163,2026-07-02T00:00:00Z,,Round of 32,44037,Bosnia and Herzegovina,BIH,4-4-2,400021524,81,151687,101',0.0,10.0,8.0,2.0,3.0,0.0,0.0,1.0,0.0,3.0,6.0,0.0,0.0,4.0,2.0,4.0,3.0,6.0,1.0,16.0,7.0,5.813534736633301,8.840622901916504,0.0,9.0,5.0,3.0,12.0,1.0,208.0,33.0,7.0,0.0,14292.08984375,1944.469970703125,47516.5703125,5928.89990234375,47446.48046875,159.0,234.0,1.0,3.0,3.0,15.0,19.0,57.0,32.0,13.0,6.0,10.0,21.0,15.0,0.0,0.0,0.0,11.0,0.0,2.0,,0.0,0.0,0.0,0.0,3.0,0.0,117.0,3.0,11.0,32.0,17.0,13.0,18.0,60.0,9.0,5.0,1.0,4.0,2.0,76.0,38.0,32.0,60.0,61.0,2.0,2.0,2.0,25.0,1.0,0.0,0.0,0.0,94.0,81.0,111.0,125.0,161.0,286.0,0.0,0.0,459.0,381.0,0.0,0.0,13.148660957813263,13.283607363700867,43.61827373504639,0.6452879402786493,10.619799047708511,14.160589873790741,13.153569400310516,5.158776044845581,2.374245971441269,4.318276792764664,25.854331254959106,1.0353564284741879,18.72001588344574,2.950444445014,16.929607093334198,5.367133393883705,5.8848787099123,63.0,0.47662103176116943,82.0,53.0,4.0,17.0,137.0,302.0,154.0,0.0,1271.0,473.0,5.0,5.0,6.0,52.0,20.0,110.10198333333334,32.73106384277344,117128.5078125,0.2086852639913559,1.0
164,2026-07-02T19:00:00Z,,Round of 32,43969,Spain,ESP,4-1-2-3,400021519,84,151690,97',3.0,23.0,5.0,0.0,6.0,4.0,3.0,4.0,1.0,2.0,9.0,0.0,0.0,14.0,6.0,7.0,10.0,9.0,4.0,42.0,6.0,6.1146087646484375,12.090048789978027,1.0,26.0,6.0,9.0,25.0,8.0,203.0,29.0,15.0,0.0,15300.509765625,2399.110107421875,43633.01953125,6574.33984375,44491.87109375,353.0,449.0,15.0,8.0,7.0,25.0,24.0,74.0,51.0,8.0,15.0,20.0,9.0,8.0,0.0,0.0,0.0,7.0,3.0,0.0,,0.0,3.0,0.0,4.0,5.0,0.0,212.0,11.0,20.0,88.0,76.0,56.0,57.0,167.0,25.0,14.0,8.0,13.0,1.0,99.0,77.0,57.0,67.0,124.0,6.0,14.0,0.0,94.0,1.0,0.0,0.0,0.0,115.0,203.0,174.0,247.0,245.0,492.0,2.0,0.0,643.0,589.0,0.0,0.0,9.481819719076157,17.472799122333527,32.053542137145996,0.8210702799260616,14.416338503360748,20.565764605998993,21.80943787097931,12.739495933055878,9.384305030107498,1.5621536411345005,8.629350364208221,0.22257647942751646,14.802838861942291,3.8574907928705215,21.498164534568787,6.2501877546310425,6.463519483804703,62.0,0.5918421149253845,196.0,154.0,11.0,22.0,241.0,426.0,263.0,0.0,1307.0,488.0,5.0,5.0,14.0,68.0,15.0,100.35301666666666,32.760704040527344,112398.8515625,2.25229811668396,0.0
165,2026-07-02T19:00:00Z,,Round of 32,43934,Austria,AUT,4-2-3-1,400021519,84,151690,97',0.0,5.0,23.0,10.0,1.0,0.0,0.0,3.0,0.0,1.0,1.0,0.0,0.0,4.0,0.0,4.0,0.0,1.0,0.0,17.0,3.0,6.013489246368408,20.778886795043945,0.0,11.0,1.0,0.0,14.0,4.0,410.0,77.0,8.0,0.0,15897.6201171875,2541.2001953125,45428.01171875,6219.85009765625,40401.08203125,175.0,249.0,3.0,4.0,1.0,10.0,4.0,23.0,41.0,15.0,7.0,10.0,36.0,30.0,0.6666666865348816,7.0,6.0,8.0,0.0,3.0,,0.0,0.0,0.0,2.0,2.0,0.0,153.0,8.0,25.0,56.0,32.0,19.0,23.0,87.0,12.0,5.0,1.0,2.0,2.0,85.0,50.0,36.0,50.0,110.0,3.0,10.0,1.0,67.0,1.0,0.0,0.0,0.0,56.0,115.0,88.0,137.0,122.0,259.0,5.0,0.0,360.0,291.0,0.0,0.0,20.565764605998993,12.76806890964508,32.68565535545349,2.219749242067337,8.012180775403976,9.481819719076157,11.226576566696167,5.267570540308952,5.691597610712051,4.830510914325714,21.843168139457703,0.9347866289317608,24.038471281528473,5.809168517589569,16.314253211021423,4.968824237585068,3.7341713905334473,38.0,0.3330163061618805,83.0,81.0,5.0,17.0,169.0,185.0,186.0,0.0,1324.0,502.0,5.0,5.0,4.0,32.0,7.0,100.35301666666666,34.012046813964844,110487.7578125,0.25136470794677734,1.0
166,2026-07-02T23:00:00Z,,Round of 32,43963,Portugal,POR,4-2-3-1,400021526,83,151691,109',1.0,15.0,13.0,6.0,2.0,1.0,4.0,2.0,1.0,3.0,2.0,1.0,1.0,10.0,3.0,9.0,3.0,5.0,0.0,32.0,5.0,5.637138843536377,13.132241249084473,0.0,18.0,3.0,9.0,21.0,6.0,257.0,38.0,11.0,0.0,14639.5498046875,2135.18994140625,45297.87890625,6025.4599609375,48535.08203125,264.0,332.0,10.0,6.0,2.0,29.0,24.0,66.0,42.0,6.0,12.0,15.0,19.0,15.0,0.8333333134651184,6.0,5.0,7.0,2.0,1.0,,0.0,2.0,0.0,4.0,4.0,0.0,151.0,11.0,6.0,46.0,34.0,28.0,29.0,100.0,21.0,7.0,3.0,8.0,2.0,84.0,59.0,53.0,65.0,68.0,4.0,2.0,0.0,43.0,1.0,0.0,0.0,0.0,98.0,141.0,117.0,185.0,171.0,356.0,1.0,0.0,588.0,538.0,1.0,1.0,7.763539254665375,18.846936523914337,42.304790019989014,0.6966543383896351,11.549122631549835,15.719260275363922,14.347830414772034,7.69713968038559,9.832730144262314,1.2356297113001347,15.768416225910187,0.0,16.518057882785797,3.7222638726234436,19.420315325260162,5.8155253529548645,5.182382091879845,58.0,0.5528560876846313,133.0,93.0,7.0,16.0,196.0,410.0,212.0,0.0,1259.0,451.0,5.0,5.0,15.0,59.0,9.0,113.06151666666668,35.895347595214844,116633.1640625,1.9111474752426147,1.0
167,2026-07-02T23:00:00Z,,Round of 32,43938,Croatia,CRO,4-2-3-1,400021526,83,151691,109',0.0,13.0,15.0,3.0,2.0,3.0,2.0,2.0,0.0,2.0,4.0,0.0,0.0,10.0,4.0,5.0,6.0,3.0,2.0,30.0,5.0,5.706268310546875,21.24530601501465,0.0,24.0,5.0,5.0,21.0,6.0,291.0,43.0,6.0,0.0,14783.509765625,1922.1099853515625,47830.48046875,6006.25,47550.48046875,196.0,282.0,10.0,4.0,1.0,11.0,11.0,31.0,35.0,12.0,6.0,7.0,21.0,20.0,0.3333333432674408,1.0,1.0,14.0,1.0,2.0,,0.0,1.0,0.0,4.0,1.0,0.0,140.0,8.0,16.0,50.0,33.0,24.0,26.0,82.0,16.0,7.0,4.0,6.0,2.0,74.0,42.0,33.0,48.0,100.0,3.0,6.0,0.0,63.0,1.0,0.0,0.0,0.0,102.0,125.0,73.0,163.0,137.0,300.0,4.0,0.0,386.0,330.0,0.0,0.0,15.719260275363922,17.499829828739166,29.855942726135254,2.4578411132097244,7.147157192230225,7.763539254665375,15.399740636348724,1.7898952588438988,2.3642288520932198,4.213832318782806,37.03257739543915,0.3640950657427311,27.73047387599945,3.402998670935631,17.135249078273773,3.3227257430553436,6.573359668254852,41.0,0.37754589319229126,110.0,90.0,7.0,13.0,151.0,241.0,164.0,0.0,1279.0,446.0,4.0,4.0,7.0,41.0,14.0,113.06151666666668,33.522613525390625,118092.828125,1.1701843738555908,2.0
168,2026-07-03T03:00:00Z,,Round of 32,43971,Switzerland,SUI,4-2-3-1,400021527,85,151689,97',1.0,11.0,8.0,2.0,3.0,0.0,1.0,2.0,0.0,3.0,4.0,0.0,0.0,9.0,5.0,4.0,5.0,2.0,0.0,37.0,1.0,6.298739433288574,15.506985664367676,1.0,26.0,1.0,4.0,18.0,5.0,283.0,51.0,12.0,0.0,16065.2197265625,2100.030029296875,47684.71875,5618.3203125,43930.16015625,223.0,311.0,3.0,7.0,4.0,19.0,12.0,37.0,56.0,10.0,12.0,14.0,13.0,11.0,1.0,2.0,2.0,9.0,2.0,0.0,,0.0,2.0,0.0,2.0,2.0,0.0,178.0,8.0,25.0,69.0,44.0,28.0,36.0,107.0,22.0,10.0,7.0,13.0,1.0,87.0,53.0,37.0,53.0,101.0,3.0,13.0,0.0,65.0,1.0,0.0,0.0,0.0,75.0,95.0,86.0,182.0,74.0,256.0,0.0,0.0,451.0,371.0,0.0,0.0,16.430769860744476,14.462794363498688,27.525275945663452,2.403767593204975,9.281174093484879,14.357320964336395,12.090423703193665,3.887704387307167,4.931634292006493,5.621350184082985,24.01139885187149,1.2500884011387825,27.92537808418274,3.5532020032405853,20.356671512126923,2.8225520625710487,6.942543387413025,45.0,0.4065389037132263,94.0,100.0,9.0,24.0,172.0,269.0,196.0,0.0,1398.0,441.0,5.0,5.0,11.0,41.0,20.0,100.08801666666666,33.953895568847656,115398.453125,1.9014321565628052,0.0
169,2026-07-03T03:00:00Z,,Round of 32,43843,Algeria,ALG,4-1-2-3,400021527,85,151689,97',0.0,8.0,11.0,5.0,3.0,1.0,0.0,2.0,0.0,1.0,4.0,0.0,0.0,5.0,1.0,2.0,2.0,3.0,1.0,36.0,11.0,6.195054054260254,14.144640922546387,0.0,21.0,10.0,2.0,7.0,3.0,266.0,37.0,10.0,0.0,15680.0595703125,1728.81005859375,46838.8984375,6011.27001953125,42896.5,231.0,318.0,5.0,7.0,1.0,25.0,17.0,59.0,47.0,12.0,10.0,10.0,12.0,12.0,0.5,3.0,2.0,6.0,0.0,2.0,,0.0,0.0,0.0,0.0,0.0,0.0,206.0,15.0,20.0,88.0,61.0,46.0,53.0,128.0,19.0,9.0,1.0,2.0,2.0,99.0,58.0,41.0,62.0,118.0,6.0,9.0,2.0,61.0,1.0,0.0,0.0,0.0,137.0,141.0,111.0,218.0,171.0,389.0,2.0,0.0,571.0,491.0,0.0,0.0,14.357320964336395,17.2496035695076,35.86248159408569,0.36583023611456156,13.729356229305267,16.430769860744476,13.122391700744629,5.594976618885994,11.261538416147232,2.570917457342148,11.271585524082184,0.612872838973999,19.099529087543488,4.205965623259544,19.765949249267578,6.882260739803314,4.257576912641525,54.0,0.5148277282714844,119.0,92.0,7.0,16.0,187.0,382.0,203.0,0.0,1342.0,463.0,5.0,5.0,13.0,59.0,18.0,100.08801666666666,32.64696502685547,113155.546875,0.7348044514656067,2.0
170,2026-07-03T18:00:00Z,,Round of 32,43976,Australia,AUS,3-4-3,400021515,88,151692,129',0.0,16.0,14.0,4.0,6.0,3.0,1.0,1.0,1.0,6.0,3.0,0.0,0.0,10.0,2.0,7.0,2.0,6.0,0.0,31.0,5.0,6.08414363861084,21.522294998168945,0.0,20.0,4.0,4.0,23.0,6.0,373.0,32.0,14.0,0.0,19888.529296875,2344.75,66568.8125,6547.2900390625,52758.55078125,262.0,363.0,11.0,5.0,5.0,18.0,20.0,37.0,56.0,12.0,14.0,17.0,26.0,20.0,0.75,3.0,3.0,9.0,1.0,1.0,,0.0,0.0,0.0,3.0,3.0,0.0,216.0,11.0,21.0,83.0,54.0,39.0,51.0,133.0,26.0,11.0,5.0,12.0,3.0,107.0,68.0,51.0,72.0,112.0,4.0,11.0,2.0,78.0,1.0,0.0,0.0,0.0,90.0,167.0,124.0,197.0,184.0,381.0,0.0,0.0,520.0,428.0,0.0,0.0,17.297933995723724,13.342636823654175,30.106130242347717,1.5254292637109756,5.846031010150909,9.739363938570023,15.367887914180756,3.821709007024765,4.945829510688782,4.087284952402115,39.98507261276245,0.16360442386940122,19.22314316034317,3.5736635327339172,15.136368572711945,4.2755793780088425,7.003992050886154,49.0,0.35366055369377136,132.0,119.0,15.0,30.0,236.0,285.0,266.0,0.0,1705.0,525.0,6.0,6.0,7.0,38.0,26.0,131.22560000000001,34.81078338623047,148107.9375,0.7398377656936646,0.0
171,2026-07-03T18:00:00Z,,Round of 32,43855,Egypt,EGY,4-4-2,400021515,88,151692,129',1.0,14.0,16.0,2.0,5.0,1.0,0.0,1.0,0.0,3.0,8.0,0.0,0.0,8.0,3.0,5.0,4.0,6.0,1.0,23.0,15.0,5.855156898498535,17.85849952697754,0.0,14.0,13.0,7.0,22.0,3.0,304.0,56.0,12.0,0.0,17911.240234375,1911.5,59879.51171875,6179.0,56564.2109375,263.0,372.0,2.0,8.0,7.0,22.0,34.0,60.0,42.0,14.0,12.0,12.0,28.0,23.0,1.0,1.0,1.0,12.0,1.0,1.0,,0.0,1.0,0.0,2.0,0.0,0.0,211.0,10.0,18.0,80.0,50.0,40.0,52.0,136.0,27.0,20.0,7.0,7.0,10.0,104.0,66.0,46.0,66.0,128.0,3.0,7.0,10.0,69.0,1.0,0.0,0.0,0.0,128.0,194.0,230.0,263.0,289.0,552.0,3.0,1.0,729.0,638.0,0.0,0.0,9.739363938570023,14.821656048297882,45.93589901924133,0.8572268299758434,11.212445795536041,17.297933995723724,20.636776089668274,2.4082308635115623,4.873800650238991,2.036385051906109,13.11652809381485,0.33105059992522,23.37801456451416,3.7302695214748383,15.54618924856186,3.51930595934391,4.9880500882864,51.0,0.5300811529159546,222.0,84.0,15.0,19.0,205.0,511.0,224.0,0.0,1543.0,493.0,5.0,5.0,9.0,62.0,19.0,131.22560000000001,35.17372131347656,142445.46875,1.2333662509918213,2.0
172,2026-07-03T22:00:00Z,,Round of 32,43922,Argentina,ARG,4-4-2,400021521,86,151694,124',2.0,22.0,16.0,5.0,5.0,2.0,3.0,0.0,4.0,5.0,6.0,0.0,2.0,15.0,6.0,5.0,12.0,7.0,6.0,33.0,5.0,5.543211460113525,15.223285675048828,0.0,26.0,5.0,8.0,19.0,6.0,289.0,51.0,12.0,0.0,15607.05078125,1738.4500732421875,53714.87109375,6157.01025390625,63405.140625,371.0,454.0,25.0,18.0,11.0,28.0,24.0,67.0,51.0,13.0,12.0,14.0,19.0,17.0,0.6000000238418579,3.0,3.0,11.0,3.0,2.0,,0.0,2.0,0.0,5.0,2.0,0.0,229.0,14.0,16.0,75.0,65.0,43.0,45.0,189.0,29.0,24.0,7.0,9.0,6.0,125.0,100.0,73.0,89.0,134.0,12.0,10.0,5.0,110.0,1.0,0.0,0.0,0.0,135.0,135.0,156.0,238.0,188.0,426.0,3.0,0.0,862.0,800.0,0.0,0.0,5.15226237475872,15.702132880687714,51.29724144935608,0.6220579613000154,9.04805213212967,12.653006613254547,19.37330514192581,4.524026066064835,8.518733084201813,0.909904669970274,20.592796802520752,0.20986683666706085,17.027127742767334,4.74526509642601,14.187557995319366,4.7804150730371475,3.6029133945703506,50.0,0.5924044251441956,183.0,146.0,22.0,25.0,223.0,652.0,248.0,0.0,1330.0,474.0,5.0,5.0,11.0,65.0,15.0,138.60971666666669,33.51842498779297,140622.515625,2.7274632453918457,1.0
173,2026-07-03T22:00:00Z,,Round of 32,43850,Cabo Verde,CPV,4-1-4-1,400021521,86,151694,124',2.0,16.0,22.0,12.0,2.0,1.0,1.0,1.0,2.0,5.0,5.0,0.0,0.0,5.0,2.0,7.0,5.0,11.0,3.0,29.0,5.0,5.554801940917969,25.058462142944336,0.0,14.0,3.0,8.0,19.0,5.0,415.0,49.0,13.0,0.0,15411.669921875,2143.2900390625,58251.01953125,5691.830078125,59740.08984375,206.0,293.0,9.0,5.0,5.0,26.0,16.0,30.0,45.0,12.0,12.0,16.0,40.0,31.0,0.7272727489471436,8.0,8.0,8.0,2.0,3.0,,0.0,1.0,1.0,2.0,3.0,0.0,177.0,10.0,22.0,83.0,62.0,46.0,51.0,119.0,14.0,5.0,2.0,4.0,0.0,80.0,52.0,36.0,48.0,94.0,3.0,13.0,0.0,51.0,1.0,0.0,0.0,0.0,100.0,180.0,97.0,175.0,202.0,377.0,2.0,1.0,491.0,425.0,0.0,0.0,12.566165626049042,16.41716957092285,34.243446588516235,1.5920933336019516,3.6486338824033737,5.15226237475872,13.015879690647125,2.1115196868777275,1.7521942034363747,4.315192997455597,44.89828646183014,0.5956558976322412,26.513448357582092,2.7554720640182495,18.084733188152313,1.7380272969603539,5.987925082445145,48.0,0.341304749250412,135.0,87.0,4.0,18.0,160.0,335.0,178.0,0.0,1359.0,474.0,6.0,6.0,7.0,35.0,18.0,138.60971666666669,33.61109161376953,141237.90625,0.5160866379737854,1.0
174,2026-07-04T01:30:00Z,,Round of 32,43926,Colombia,COL,4-1-2-3,400021517,87,151693,98',1.0,20.0,8.0,0.0,1.0,1.0,2.0,4.0,1.0,5.0,7.0,0.0,0.0,11.0,5.0,10.0,8.0,9.0,3.0,19.0,11.0,5.592661380767822,13.854999542236328,1.0,17.0,10.0,3.0,17.0,5.0,217.0,52.0,10.0,0.0,12929.6298828125,1830.239990234375,40575.6875,5352.3798828125,46725.859375,223.0,289.0,7.0,7.0,10.0,22.0,13.0,53.0,35.0,14.0,10.0,10.0,11.0,10.0,0.0,0.0,0.0,9.0,1.0,0.0,,0.0,1.0,0.0,4.0,0.0,0.0,166.0,13.0,19.0,63.0,41.0,26.0,31.0,110.0,20.0,12.0,5.0,5.0,2.0,83.0,57.0,40.0,49.0,94.0,5.0,10.0,2.0,60.0,1.0,0.0,0.0,0.0,115.0,169.0,136.0,220.0,200.0,420.0,2.0,0.0,598.0,540.0,0.0,0.0,7.3540665209293365,15.173079073429108,46.39431536197662,1.4496451243758202,8.692771196365356,11.883541941642761,13.946455717086792,7.789845764636993,3.2271474599838257,3.22909876704216,18.41968446969986,0.8249753154814243,27.380084991455078,2.7477525174617767,13.042081892490387,3.792288154363632,3.93974632024765,47.0,0.5459076166152954,156.0,102.0,12.0,16.0,163.0,442.0,179.0,0.0,1153.0,416.0,4.0,4.0,7.0,57.0,15.0,104.69055,33.87578582763672,107413.796875,1.7975832223892212,2.0
175,2026-07-04T01:30:00Z,,Round of 32,43860,Ghana,GHA,4-1-2-3,400021517,87,151693,98',0.0,8.0,20.0,8.0,4.0,1.0,0.0,0.0,0.0,3.0,4.0,0.0,0.0,1.0,0.0,4.0,0.0,7.0,0.0,29.0,6.0,5.496479511260986,22.46381950378418,0.0,21.0,3.0,2.0,15.0,2.0,297.0,37.0,14.0,0.0,12314.359375,1991.6800537109375,39486.5,5202.14013671875,46556.23046875,147.0,218.0,5.0,3.0,7.0,11.0,12.0,43.0,36.0,10.0,14.0,16.0,22.0,22.0,0.875,7.0,7.0,12.0,0.0,1.0,,0.0,0.0,0.0,0.0,2.0,0.0,166.0,10.0,26.0,77.0,46.0,34.0,41.0,90.0,16.0,3.0,1.0,5.0,1.0,73.0,41.0,28.0,36.0,88.0,1.0,11.0,1.0,51.0,1.0,0.0,0.0,0.0,62.0,78.0,55.0,87.0,108.0,195.0,0.0,0.0,390.0,329.0,0.0,0.0,11.883541941642761,12.000467628240585,38.840097188949585,1.3901159167289734,4.469896852970123,7.3540665209293365,12.403211742639542,4.264829680323601,4.702369123697281,4.28207665681839,19.582495093345642,0.21357224322855473,32.44313299655914,5.119118466973305,17.87533164024353,3.908560797572136,6.624487042427063,53.0,0.3860885798931122,71.0,65.0,3.0,17.0,135.0,259.0,152.0,0.0,1060.0,397.0,5.0,5.0,7.0,43.0,16.0,104.69055,33.83384704589844,105550.9140625,0.26498109102249146,3.0
176,2026-07-04T17:00:00Z,,Round of 16,43899,Canada,CAN,4-4-2,400021530,90,151695,100',0.0,10.0,5.0,4.0,4.0,1.0,1.0,0.0,1.0,1.0,5.0,0.0,0.0,6.0,2.0,2.0,3.0,4.0,1.0,21.0,2.0,6.022339820861816,13.990062713623047,0.0,13.0,2.0,11.0,27.0,5.0,273.0,57.0,14.0,0.0,17194.009765625,3069.2900390625,46068.640625,6918.25,42982.98046875,165.0,259.0,10.0,9.0,3.0,21.0,18.0,65.0,48.0,24.0,13.0,17.0,6.0,6.0,0.25,1.0,1.0,1.0,0.0,3.0,,0.0,0.0,0.0,1.0,3.0,0.0,167.0,13.0,11.0,50.0,31.0,22.0,26.0,95.0,25.0,12.0,5.0,8.0,4.0,92.0,52.0,42.0,64.0,94.0,6.0,3.0,1.0,53.0,1.0,0.0,0.0,0.0,75.0,134.0,83.0,159.0,133.0,292.0,2.0,0.0,368.0,282.0,0.0,0.0,20.1225608587265,15.195555984973907,24.1139754652977,0.8847962133586407,12.086763978004456,16.67642742395401,18.86090636253357,5.96989206969738,6.276482343673706,4.137241840362549,4.814725369215012,0.7245628163218498,37.70252764225006,5.179877579212189,16.04922115802765,4.7090839594602585,12.470711767673492,61.0,0.3753602206707001,97.0,77.0,12.0,20.0,194.0,169.0,214.0,0.0,1407.0,528.0,5.0,5.0,5.0,66.0,24.0,105.32938333333334,34.24699401855469,116233.171875,0.6826915740966797,4.0
177,2026-07-04T17:00:00Z,,Round of 16,43872,Morocco,MAR,4-2-3-1,400021530,90,151695,100',3.0,5.0,10.0,3.0,0.0,0.0,0.0,1.0,0.0,0.0,3.0,0.0,0.0,3.0,2.0,1.0,4.0,2.0,2.0,29.0,1.0,5.625113487243652,10.405865669250488,1.0,15.0,1.0,1.0,6.0,1.0,189.0,41.0,24.0,0.0,13717.849609375,2780.820068359375,41762.5078125,5720.509765625,44818.421875,218.0,301.0,3.0,2.0,3.0,5.0,18.0,30.0,46.0,14.0,23.0,26.0,26.0,18.0,1.0,3.0,3.0,3.0,3.0,0.0,,0.0,2.0,1.0,1.0,2.0,0.0,144.0,8.0,19.0,67.0,44.0,33.0,40.0,85.0,17.0,9.0,7.0,9.0,0.0,60.0,32.0,21.0,33.0,92.0,2.0,9.0,0.0,55.0,1.0,0.0,0.0,0.0,82.0,91.0,78.0,145.0,106.0,251.0,3.0,0.0,499.0,420.0,0.0,0.0,16.67642742395401,12.271636724472046,40.71790277957916,2.2781815379858017,14.55489844083786,20.1225608587265,4.33589406311512,3.1623274087905884,4.412511736154556,3.966148942708969,21.833166480064392,1.3353869318962097,13.41613233089447,4.468221217393875,14.085914194583893,4.602579027414322,6.8046897649765015,38.0,0.506773829460144,82.0,64.0,7.0,26.0,177.0,300.0,203.0,0.0,1130.0,452.0,5.0,5.0,8.0,34.0,23.0,105.32938333333334,35.27830123901367,108800.109375,0.8546294569969177,4.0
178,2026-07-04T21:00:00Z,,Round of 16,43928,Paraguay,PAR,5-4-1,400021533,89,151696,101',0.0,5.0,15.0,5.0,1.0,2.0,0.0,0.0,0.0,1.0,2.0,0.0,0.0,1.0,0.0,4.0,0.0,4.0,0.0,13.0,3.0,5.513406276702881,20.4818058013916,0.0,7.0,3.0,2.0,6.0,0.0,268.0,56.0,10.0,0.0,11432.75,1935.0799560546875,38951.328125,4604.91015625,47483.83984375,67.0,125.0,1.0,4.0,5.0,5.0,7.0,12.0,40.0,13.0,11.0,10.0,25.0,21.0,0.800000011920929,4.0,4.0,12.0,0.0,1.0,,0.0,0.0,0.0,0.0,0.0,0.0,144.0,10.0,30.0,48.0,15.0,6.0,8.0,46.0,16.0,3.0,3.0,5.0,1.0,80.0,28.0,19.0,39.0,64.0,0.0,9.0,0.0,21.0,1.0,0.0,0.0,0.0,23.0,32.0,14.0,44.0,25.0,69.0,0.0,0.0,191.0,108.0,0.0,0.0,32.05929696559906,7.161571830511093,12.930360436439514,3.3716388046741486,7.6875172555446625,9.380053728818893,3.1831763684749603,1.9602194428443909,1.5521888621151447,15.6538724899292,50.263965129852295,0.34110976848751307,14.488334953784943,1.3058834709227085,15.688347816467285,4.611952602863312,12.15122938156128,37.0,0.22479188442230225,20.0,46.0,2.0,20.0,105.0,62.0,125.0,0.0,943.0,323.0,4.0,4.0,2.0,20.0,19.0,103.37376666666667,34.684669494628906,104407.9140625,0.12933765351772308,0.0
179,2026-07-04T21:00:00Z,,Round of 16,43946,France,FRA,4-2-3-1,400021533,89,151696,101',0.0,15.0,5.0,0.0,1.0,0.0,1.0,0.0,0.0,0.0,12.0,1.0,1.0,5.0,3.0,9.0,5.0,10.0,2.0,36.0,3.0,5.535788536071777,8.010391235351562,1.0,21.0,3.0,12.0,20.0,0.0,95.0,23.0,12.0,0.0,12082.5703125,1548.719970703125,39732.44921875,4312.330078125,47157.52734375,232.0,314.0,14.0,6.0,9.0,35.0,31.0,86.0,37.0,11.0,14.0,12.0,17.0,11.0,0.0,1.0,0.0,7.0,1.0,0.0,,0.0,1.0,0.0,0.0,0.0,0.0,141.0,2.0,9.0,32.0,25.0,19.0,21.0,114.0,13.0,10.0,5.0,8.0,3.0,96.0,79.0,70.0,82.0,64.0,2.0,4.0,3.0,49.0,1.0,0.0,0.0,0.0,85.0,82.0,100.0,121.0,146.0,267.0,0.0,0.0,587.0,526.0,1.0,1.0,9.380053728818893,15.830467641353607,41.67023003101349,1.5177990309894085,23.73247593641281,32.05929696559906,33.147132396698,7.2925761342048645,3.226844221353531,1.0651547461748123,3.6934036761522293,0.19995402544736862,6.924844533205032,2.751091681420803,18.398550152778625,4.187542945146561,6.416953355073929,63.0,0.6669976115226746,97.0,108.0,11.0,23.0,161.0,438.0,184.0,0.0,986.0,319.0,2.0,2.0,16.0,80.0,17.0,103.37376666666667,36.52326965332031,104833.6015625,1.9269136190414429,3.0
180,2026-07-05T20:00:00Z,,Round of 16,43924,Brazil,BRA,4-1-2-3,400021532,91,151698,102',0.0,14.0,9.0,5.0,3.0,2.0,0.0,0.0,0.0,1.0,8.0,2.0,0.0,9.0,3.0,3.0,4.0,5.0,1.0,30.0,6.0,5.74965763092041,25.226877212524414,0.0,16.0,6.0,5.0,16.0,0.0,401.0,69.0,4.0,0.0,14204.9296875,1821.6900634765625,44496.22265625,5521.39990234375,47255.21875,127.0,185.0,8.0,1.0,5.0,18.0,14.0,51.0,38.0,7.0,6.0,5.0,13.0,12.0,0.6000000238418579,3.0,3.0,4.0,1.0,2.0,,0.0,1.0,0.0,1.0,1.0,0.0,122.0,4.0,6.0,28.0,15.0,13.0,18.0,77.0,25.0,12.0,10.0,19.0,2.0,69.0,50.0,47.0,57.0,57.0,1.0,1.0,1.0,36.0,1.0,0.0,0.0,0.0,88.0,109.0,100.0,161.0,136.0,297.0,1.0,0.0,347.0,298.0,2.0,1.0,16.21355414390564,9.196961671113968,35.16720533370972,2.8086358681321144,6.803874671459198,8.798100799322128,23.40577393770218,6.628748774528503,5.1804110407829285,2.5858867913484573,28.3656507730484,0.2011580392718315,26.568639278411865,3.8551345467567444,22.227774560451508,4.0870580822229385,4.085158556699753,48.0,0.3209683299064636,111.0,87.0,8.0,17.0,99.0,264.0,116.0,0.0,1161.0,405.0,4.0,4.0,11.0,44.0,13.0,107.71805,33.33204650878906,113299.4609375,2.5651779174804688,1.0
181,2026-07-05T20:00:00Z,,Round of 16,43961,Norway,NOR,4-1-2-3,400021532,91,151698,102',2.0,9.0,14.0,4.0,0.0,1.0,0.0,3.0,0.0,2.0,3.0,0.0,0.0,7.0,4.0,4.0,5.0,2.0,1.0,28.0,2.0,6.1109161376953125,16.02680015563965,0.0,19.0,1.0,5.0,17.0,3.0,185.0,23.0,7.0,0.0,14303.240234375,2249.590087890625,48823.30859375,5419.35009765625,49699.55078125,274.0,345.0,10.0,5.0,6.0,19.0,25.0,46.0,28.0,6.0,6.0,8.0,27.0,22.0,0.75,4.0,3.0,8.0,2.0,1.0,,0.0,1.0,1.0,1.0,1.0,0.0,193.0,7.0,22.0,74.0,54.0,43.0,45.0,135.0,15.0,7.0,5.0,6.0,2.0,104.0,74.0,62.0,73.0,77.0,1.0,10.0,1.0,54.0,1.0,0.0,0.0,0.0,71.0,164.0,129.0,184.0,180.0,364.0,1.0,0.0,683.0,627.0,0.0,0.0,8.798100799322128,17.106321454048157,45.78120410442352,0.7312686182558537,12.124111503362656,16.21355414390564,16.858620941638947,5.355969816446304,3.86098176240921,3.649243339896202,30.283862352371216,0.41551245376467705,14.243081212043762,0.3969500306993723,9.831500798463821,6.282662600278854,3.6397773772478104,51.0,0.6073088049888611,156.0,151.0,8.0,31.0,168.0,512.0,199.0,0.0,1212.0,424.0,4.0,4.0,10.0,56.0,14.0,107.71805,33.09673309326172,120495.0390625,1.4102380275726318,0.0
182,2026-07-06T01:00:00Z,,Round of 16,43911,Mexico,MEX,4-1-2-3,400021531,92,151697,103',0.0,20.0,6.0,5.0,7.0,1.0,1.0,2.0,0.0,3.0,12.0,1.0,0.0,12.0,4.0,7.0,5.0,8.0,1.0,20.0,11.0,5.711461067199707,14.555728912353516,0.0,12.0,11.0,12.0,49.0,11.0,182.0,52.0,6.0,0.0,13478.490234375,1523.8699951171875,46230.8203125,4698.06005859375,46114.5,167.0,240.0,11.0,8.0,8.0,31.0,24.0,80.0,33.0,14.0,6.0,6.0,9.0,8.0,0.4000000059604645,2.0,2.0,4.0,2.0,3.0,,0.0,2.0,0.0,3.0,0.0,0.0,161.0,9.0,7.0,33.0,22.0,17.0,17.0,114.0,18.0,8.0,2.0,7.0,2.0,110.0,84.0,77.0,92.0,66.0,4.0,1.0,2.0,41.0,1.0,0.0,0.0,0.0,147.0,143.0,145.0,209.0,226.0,435.0,1.0,0.0,485.0,448.0,1.0,1.0,6.832429021596909,12.302383035421371,46.992212533950806,0.2596196485683322,12.51906156539917,18.68162900209427,34.260293841362,1.6790425404906273,4.665848985314369,1.5450535342097282,9.691374748945236,0.30000663828104734,16.278260946273804,6.074719876050949,22.467653453350067,5.050387978553772,6.003968045115471,61.0,0.5941945910453796,156.0,126.0,8.0,24.0,124.0,392.0,148.0,0.0,1103.0,385.0,5.0,5.0,6.0,80.0,24.0,107.4076,33.782142639160156,112045.7421875,2.0148940086364746,2.0
183,2026-07-06T01:00:00Z,,Round of 16,43942,England,ENG,4-2-3-1,400021531,92,151697,103',2.0,6.0,20.0,5.0,0.0,1.0,0.0,2.0,0.0,1.0,1.0,1.0,0.0,4.0,4.0,0.0,5.0,2.0,1.0,17.0,3.0,5.670355319976807,22.280385971069336,0.0,10.0,2.0,2.0,8.0,3.0,243.0,36.0,11.0,1.0,12331.83984375,1359.8399658203125,43863.4609375,3863.800048828125,45322.828125,91.0,130.0,8.0,4.0,0.0,10.0,9.0,17.0,28.0,7.0,13.0,13.0,36.0,30.0,0.6000000238418579,3.0,3.0,13.0,3.0,2.0,,0.0,3.0,0.0,1.0,2.0,0.0,129.0,12.0,20.0,55.0,34.0,20.0,23.0,69.0,21.0,9.0,6.0,8.0,1.0,53.0,26.0,12.0,20.0,50.0,3.0,11.0,0.0,26.0,1.0,0.0,0.0,0.0,38.0,92.0,97.0,109.0,118.0,227.0,0.0,0.0,254.0,204.0,1.0,1.0,18.68162900209427,13.452230393886566,26.486772298812866,0.5221109837293625,4.91483211517334,6.832429021596909,8.423390239477158,2.357684075832367,2.9581865295767784,11.544454097747803,48.75994622707367,0.43586548417806625,15.772421658039093,1.3097072020173073,10.387522727251053,3.8404710590839386,8.02559182047844,38.0,0.314964234828949,89.0,39.0,12.0,21.0,74.0,167.0,95.0,1.0,1065.0,305.0,4.0,4.0,4.0,20.0,12.0,107.4076,35.794219970703125,106741.765625,2.1244733333587646,4.0
184,2026-07-06T19:00:00Z,,Round of 16,43963,Portugal,POR,4-2-3-1,400021529,93,151700,99',0.0,10.0,15.0,6.0,2.0,0.0,0.0,1.0,0.0,3.0,5.0,0.0,0.0,8.0,2.0,6.0,2.0,2.0,0.0,36.0,12.0,5.879355430603027,19.107391357421875,0.0,21.0,10.0,3.0,12.0,4.0,342.0,27.0,13.0,0.0,13783.849609375,2047.4500732421875,46388.140625,5319.10986328125,45285.05078125,216.0,310.0,3.0,3.0,7.0,19.0,23.0,41.0,43.0,9.0,12.0,14.0,32.0,24.0,0.8333333134651184,5.0,5.0,6.0,0.0,1.0,,0.0,0.0,0.0,2.0,1.0,0.0,195.0,13.0,24.0,74.0,51.0,34.0,37.0,127.0,20.0,10.0,2.0,3.0,4.0,101.0,66.0,47.0,60.0,106.0,6.0,11.0,2.0,69.0,1.0,0.0,0.0,0.0,73.0,140.0,102.0,159.0,156.0,315.0,2.0,0.0,459.0,378.0,0.0,0.0,15.089830756187439,16.722223162651062,30.558347702026367,1.7341110855340958,7.7942244708538055,11.590798199176788,14.468492567539215,7.546362280845642,4.122079536318779,4.027059301733971,26.94830596446991,0.4021541215479374,19.220776855945587,3.821459412574768,17.108263075351715,2.9673798009753227,6.430304795503616,46.0,0.4168759286403656,110.0,108.0,9.0,22.0,164.0,285.0,186.0,0.0,1182.0,423.0,5.0,5.0,12.0,41.0,20.0,104.74505,34.81700897216797,112823.6015625,0.9087101817131042,2.0
185,2026-07-06T19:00:00Z,,Round of 16,43969,Spain,ESP,4-1-2-3,400021529,93,151700,99',1.0,15.0,10.0,2.0,0.0,1.0,0.0,0.0,1.0,6.0,6.0,0.0,1.0,7.0,3.0,8.0,6.0,8.0,3.0,29.0,5.0,6.004037380218506,13.753615379333496,1.0,21.0,5.0,7.0,18.0,1.0,294.0,45.0,9.0,0.0,14927.44921875,2011.260009765625,45429.98046875,6091.35986328125,46922.0625,197.0,263.0,11.0,14.0,10.0,13.0,16.0,56.0,55.0,13.0,8.0,11.0,18.0,15.0,1.0,3.0,2.0,6.0,1.0,0.0,,0.0,1.0,0.0,1.0,2.0,0.0,218.0,8.0,18.0,62.0,48.0,35.0,36.0,164.0,24.0,16.0,6.0,8.0,8.0,132.0,100.0,82.0,98.0,91.0,5.0,8.0,5.0,67.0,1.0,0.0,0.0,0.0,119.0,142.0,134.0,246.0,149.0,395.0,1.0,0.0,548.0,490.0,0.0,0.0,11.590798199176788,16.357916593551636,36.23468279838562,1.3060054741799831,11.718424409627914,15.089830756187439,17.553429305553436,8.658300340175629,8.99164229631424,2.4208880960941315,20.64143717288971,0.235299882479012,16.578838229179382,4.3493714183568954,17.747539281845093,3.1115958467125893,5.04583977162838,53.0,0.5060439705848694,155.0,126.0,17.0,16.0,113.0,442.0,129.0,0.0,1282.0,471.0,4.0,4.0,6.0,59.0,17.0,104.74505,33.557193756103516,115382.109375,1.7242770195007324,1.0
186,2026-07-07T00:00:00Z,,Round of 16,43921,USA,USA,3-5-2,400021534,94,151699,95',0.0,7.0,15.0,7.0,0.0,0.0,2.0,0.0,1.0,2.0,2.0,0.0,0.0,5.0,1.0,4.0,2.0,2.0,1.0,28.0,6.0,6.459198951721191,13.192397117614746,0.0,14.0,5.0,3.0,13.0,2.0,232.0,39.0,9.0,0.0,18043.80078125,1894.52001953125,51937.140625,5907.2900390625,41464.453125,204.0,277.0,4.0,9.0,12.0,32.0,18.0,59.0,41.0,11.0,9.0,10.0,21.0,18.0,0.4285714328289032,3.0,3.0,6.0,1.0,4.0,,1.0,0.0,1.0,3.0,1.0,0.0,201.0,14.0,14.0,87.0,72.0,53.0,59.0,155.0,21.0,14.0,3.0,4.0,3.0,93.0,69.0,48.0,62.0,93.0,9.0,10.0,2.0,75.0,1.0,0.0,0.0,0.0,107.0,142.0,151.0,204.0,196.0,400.0,0.0,0.0,553.0,483.0,0.0,0.0,11.977003514766693,18.222863972187042,37.7841979265213,1.5752613544464111,12.789946794509888,18.604038655757904,13.848252594470978,8.697427809238434,7.974288612604141,1.2501755729317665,12.116861343383789,0.7837300188839436,15.32817929983139,4.575929790735245,18.753637373447418,8.049368113279343,6.780647486448288,61.0,0.5122688412666321,146.0,78.0,14.0,27.0,159.0,383.0,186.0,0.0,1477.0,453.0,5.0,5.0,8.0,63.0,25.0,100.72938333333333,35.60237121582031,119247.1953125,0.334327757358551,2.0
187,2026-07-07T00:00:00Z,,Round of 16,43935,Belgium,BEL,4-2-3-1,400021534,94,151699,95',4.0,15.0,7.0,2.0,3.0,0.0,2.0,3.0,0.0,5.0,4.0,0.0,0.0,10.0,5.0,4.0,7.0,5.0,2.0,26.0,10.0,6.397857666015625,16.962608337402344,0.0,20.0,8.0,5.0,19.0,7.0,295.0,57.0,11.0,0.0,16397.05078125,1997.4100341796875,51223.8515625,5965.77001953125,42363.78125,164.0,235.0,8.0,4.0,3.0,12.0,13.0,37.0,48.0,9.0,11.0,11.0,13.0,10.0,0.5,1.0,1.0,7.0,4.0,1.0,,0.0,3.0,1.0,3.0,0.0,0.0,176.0,9.0,25.0,57.0,31.0,21.0,23.0,90.0,18.0,7.0,5.0,5.0,4.0,101.0,52.0,40.0,63.0,80.0,0.0,10.0,2.0,40.0,1.0,0.0,0.0,0.0,71.0,78.0,90.0,113.0,126.0,239.0,1.0,0.0,423.0,340.0,0.0,0.0,18.604038655757904,11.335765570402145,26.945823431015015,1.7097169533371925,7.553227990865707,11.977003514766693,14.404825866222382,2.94383242726326,2.812393382191658,8.581514656543732,28.374770283699036,0.5377962253987789,25.7951557636261,6.691349297761917,10.113410651683807,4.035478457808495,6.506934762001038,38.0,0.4004685580730438,91.0,94.0,4.0,21.0,143.0,288.0,164.0,0.0,1354.0,464.0,5.0,5.0,13.0,37.0,18.0,100.72938333333333,33.67787170410156,117947.859375,1.9898344278335571,0.0
188,2026-07-07T16:00:00Z,,Round of 16,43922,Argentina,ARG,4-1-3-2,400021528,95,151702,102',3.0,19.0,5.0,2.0,2.0,1.0,0.0,6.0,1.0,1.0,8.0,1.0,0.0,11.0,6.0,9.0,7.0,8.0,1.0,32.0,5.0,5.621710777282715,14.058303833007812,0.0,25.0,5.0,6.0,26.0,8.0,190.0,36.0,10.0,0.0,13013.19921875,1945.9200439453125,41596.91796875,5493.990234375,48377.0078125,293.0,369.0,17.0,14.0,10.0,20.0,22.0,71.0,39.0,13.0,11.0,10.0,7.0,6.0,0.0,0.0,0.0,2.0,3.0,2.0,,0.0,3.0,0.0,5.0,0.0,0.0,186.0,7.0,14.0,53.0,48.0,31.0,32.0,152.0,19.0,12.0,4.0,7.0,5.0,114.0,92.0,72.0,88.0,102.0,5.0,12.0,3.0,83.0,1.0,0.0,0.0,0.0,125.0,107.0,162.0,205.0,189.0,394.0,3.0,0.0,618.0,558.0,1.0,0.0,8.64919126033783,24.983195960521698,38.55070769786835,0.45783533714711666,8.135607838630676,12.829503417015076,24.428923428058624,9.35201346874237,9.911560267210007,1.5527435578405857,12.727896869182587,0.4937176126986742,18.065771460533142,6.561435759067535,14.37213271856308,3.7951860576868057,5.02936951816082,55.0,0.5705596804618835,166.0,126.0,11.0,24.0,169.0,463.0,193.0,0.0,1107.0,432.0,5.0,5.0,10.0,75.0,19.0,107.20458333333333,33.43932342529297,110427.0390625,2.631683588027954,0.0
189,2026-07-07T16:00:00Z,,Round of 16,43855,Egypt,EGY,4-2-3-1,400021528,95,151702,102',2.0,5.0,19.0,7.0,1.0,0.0,0.0,2.0,0.0,1.0,2.0,0.0,0.0,4.0,2.0,2.0,2.0,1.0,0.0,35.0,3.0,5.900853157043457,21.27078628540039,0.0,19.0,2.0,1.0,8.0,2.0,380.0,39.0,13.0,0.0,15107.4609375,1892.090087890625,48282.5078125,5684.3203125,44971.6015625,136.0,206.0,4.0,2.0,2.0,6.0,15.0,26.0,27.0,11.0,13.0,16.0,27.0,26.0,0.5714285969734192,4.0,4.0,13.0,2.0,3.0,,0.0,2.0,0.0,2.0,3.0,0.0,160.0,8.0,20.0,76.0,45.0,40.0,48.0,81.0,13.0,4.0,3.0,4.0,1.0,71.0,32.0,27.0,42.0,88.0,1.0,4.0,0.0,45.0,1.0,0.0,0.0,0.0,39.0,164.0,113.0,129.0,187.0,316.0,0.0,0.0,382.0,316.0,0.0,0.0,12.829503417015076,18.250378966331482,31.171470880508423,2.0793382078409195,6.526588648557663,8.64919126033783,8.998540043830872,3.4064896404743195,3.911082446575165,4.950055852532387,40.37230908870697,2.01447531580925,13.507115840911865,3.593520075082779,16.966713964939117,3.479548543691635,9.502275288105011,45.0,0.3440627455711365,130.0,55.0,1.0,12.0,115.0,242.0,127.0,0.0,1296.0,429.0,4.0,4.0,12.0,25.0,25.0,107.20458333333333,33.41205978393555,115937.9765625,0.7562145590782166,4.0
190,2026-07-07T20:00:00Z,,Round of 16,43971,Switzerland,SUI,4-1-2-3,400021535,96,151701,130',0.0,7.0,15.0,3.0,1.0,1.0,0.0,1.0,1.0,1.0,3.0,0.0,0.0,4.0,2.0,3.0,2.0,3.0,0.0,26.0,7.0,5.863291263580322,13.640290260314941,1.0,15.0,6.0,3.0,16.0,1.0,316.0,60.0,21.0,0.0,17398.859375,1958.1400146484375,56267.390625,6594.10986328125,58442.08984375,288.0,365.0,8.0,6.0,8.0,27.0,15.0,47.0,49.0,22.0,21.0,25.0,18.0,17.0,1.0,3.0,3.0,11.0,0.0,0.0,,0.0,0.0,0.0,0.0,4.0,0.0,225.0,12.0,32.0,97.0,77.0,48.0,53.0,162.0,28.0,13.0,5.0,11.0,5.0,100.0,72.0,40.0,51.0,102.0,5.0,24.0,3.0,76.0,1.0,0.0,0.0,0.0,115.0,223.0,177.0,271.0,244.0,515.0,5.0,0.0,641.0,561.0,0.0,0.0,10.178067535161972,14.279690384864807,38.159409165382385,0.8064445108175278,9.711510688066483,12.78587132692337,11.524777859449387,8.165285736322403,7.178901135921478,3.20996530354023,14.52251672744751,0.5788822192698717,25.188040733337402,5.040464550256729,18.292586505413055,4.03694175183773,6.477910280227661,17.0,0.48346126079559326,188.0,116.0,12.0,32.0,167.0,444.0,199.0,0.0,1573.0,518.0,6.0,6.0,4.0,54.0,22.0,130.63516666666666,34.748680114746094,140660.59375,0.5821868181228638,3.0
191,2026-07-07T20:00:00Z,,Round of 16,43926,Colombia,COL,4-1-2-3,400021535,96,151701,130',0.0,15.0,7.0,2.0,3.0,1.0,1.0,1.0,0.0,5.0,6.0,0.0,0.0,9.0,2.0,7.0,3.0,6.0,1.0,21.0,13.0,5.702274799346924,16.5674991607666,1.0,15.0,12.0,7.0,17.0,3.0,338.0,53.0,22.0,0.0,17603.701171875,2467.89013671875,52321.1484375,6226.3896484375,58272.890625,211.0,298.0,7.0,3.0,9.0,14.0,15.0,49.0,52.0,21.0,20.0,27.0,9.0,8.0,1.0,2.0,2.0,9.0,0.0,0.0,,0.0,0.0,0.0,2.0,5.0,0.0,223.0,13.0,23.0,102.0,71.0,57.0,66.0,136.0,20.0,4.0,0.0,4.0,3.0,101.0,61.0,46.0,62.0,116.0,3.0,11.0,1.0,76.0,1.0,0.0,0.0,0.0,135.0,159.0,137.0,183.0,248.0,431.0,4.0,0.0,562.0,462.0,0.0,0.0,12.78587132692337,15.969723463058472,37.08750009536743,1.4938589185476303,7.770154625177383,10.178067535161972,8.92982929944992,10.172796994447708,6.035156920552254,5.6602876633405685,13.029614090919495,0.7194750010967255,28.173726797103882,4.030465707182884,15.83833247423172,2.50981692224741,6.4867183566093445,83.0,0.4428202509880066,142.0,91.0,7.0,28.0,180.0,367.0,208.0,0.0,1536.0,526.0,5.0,5.0,8.0,46.0,19.0,130.63516666666666,35.1251335144043,136892.015625,0.969510555267334,2.0
192,2026-07-09T20:00:00Z,,Quarter-final,43946,France,FRA,4-2-3-1,400021536,97,151703,97',2.0,22.0,5.0,1.0,4.0,1.0,2.0,3.0,0.0,3.0,12.0,1.0,0.0,13.0,7.0,10.0,8.0,9.0,1.0,43.0,5.0,5.858711242675781,18.417999267578125,1.0,26.0,5.0,5.0,13.0,5.0,263.0,31.0,12.0,0.0,12640.259765625,2158.969970703125,41726.7890625,5298.10009765625,46749.87890625,225.0,307.0,9.0,9.0,9.0,22.0,21.0,64.0,38.0,10.0,11.0,12.0,7.0,6.0,1.0,1.0,1.0,7.0,2.0,0.0,,0.0,1.0,1.0,5.0,0.0,0.0,145.0,4.0,8.0,47.0,39.0,29.0,35.0,116.0,17.0,9.0,6.0,10.0,3.0,81.0,68.0,57.0,66.0,77.0,2.0,8.0,1.0,60.0,1.0,0.0,0.0,0.0,96.0,120.0,117.0,176.0,157.0,333.0,0.0,0.0,497.0,450.0,1.0,0.0,12.634122371673584,18.063652515411377,33.03654491901398,1.6865912824869156,7.107121497392654,9.24556702375412,24.075040221214294,11.295463889837265,4.950966313481331,1.548215840011835,16.805392503738403,0.5113674327731133,31.845349073410034,2.319969981908798,21.227003633975983,3.87510247528553,6.594378501176834,63.0,0.46505269408226013,129.0,119.0,10.0,21.0,147.0,354.0,168.0,0.0,1074.0,363.0,4.0,4.0,12.0,62.0,17.0,101.13086666666666,35.498722076416016,108574.0,3.5222184658050537,0.0
193,2026-07-09T20:00:00Z,,Quarter-final,43872,Morocco,MAR,4-2-3-1,400021536,97,151703,97',0.0,5.0,22.0,8.0,1.0,0.0,1.0,0.0,1.0,0.0,2.0,0.0,0.0,1.0,0.0,3.0,1.0,4.0,1.0,32.0,4.0,5.841423034667969,16.009244918823242,0.0,22.0,4.0,5.0,16.0,2.0,286.0,42.0,10.0,0.0,12980.48046875,2081.10009765625,43220.0625,5070.1201171875,44902.578125,189.0,267.0,5.0,3.0,5.0,23.0,6.0,33.0,36.0,13.0,8.0,10.0,27.0,24.0,0.75,7.0,6.0,13.0,0.0,2.0,,0.0,0.0,0.0,1.0,0.0,0.0,133.0,6.0,9.0,62.0,45.0,39.0,47.0,85.0,14.0,6.0,3.0,8.0,0.0,57.0,34.0,28.0,42.0,65.0,3.0,3.0,0.0,41.0,1.0,0.0,0.0,0.0,69.0,146.0,91.0,172.0,134.0,306.0,0.0,0.0,539.0,469.0,0.0,0.0,9.24556702375412,18.517698347568512,39.802536368370056,0.9076218120753765,8.717646449804306,12.634122371673584,11.246762424707413,2.755030244588852,4.0684618055820465,3.340490907430649,33.39836299419403,0.7814804092049599,21.579746901988983,5.017807334661484,14.82633501291275,6.118004769086838,6.362207233905792,36.0,0.4661979079246521,125.0,85.0,6.0,20.0,114.0,405.0,134.0,0.0,1087.0,373.0,5.0,5.0,10.0,38.0,18.0,101.13086666666666,35.327842712402344,108254.34375,0.1632131040096283,1.0
194,2026-07-10T19:00:00Z,,Quarter-final,43969,Spain,ESP,4-2-3-1,400021538,98,151704,98',0.0,17.0,5.0,2.0,3.0,2.0,0.0,2.0,1.0,3.0,7.0,0.0,2.0,11.0,4.0,6.0,8.0,6.0,4.0,36.0,6.0,6.116422176361084,11.55581283569336,0.0,26.0,6.0,5.0,21.0,3.0,206.0,23.0,18.0,0.0,14364.0498046875,1884.719970703125,46447.25,5342.47998046875,46556.1796875,297.0,385.0,12.0,8.0,9.0,20.0,28.0,77.0,37.0,13.0,17.0,19.0,15.0,11.0,0.5,1.0,1.0,4.0,2.0,1.0,,0.0,2.0,0.0,0.0,1.0,0.0,243.0,10.0,19.0,68.0,54.0,38.0,39.0,187.0,29.0,18.0,6.0,9.0,10.0,146.0,115.0,91.0,107.0,110.0,4.0,12.0,8.0,85.0,1.0,0.0,0.0,0.0,160.0,220.0,139.0,317.0,202.0,519.0,3.0,0.0,693.0,625.0,0.0,0.0,9.295537322759628,15.294468402862549,38.7493759393692,0.33483218867331743,11.22284084558487,15.847517549991608,27.401894330978394,7.406070828437805,11.376578360795975,1.6128042712807655,9.966272115707397,0.30433759093284607,15.95105528831482,6.847596168518066,22.47582972049713,4.480351507663727,7.7554851770401,61.0,0.6158297657966614,186.0,164.0,16.0,18.0,200.0,501.0,218.0,0.0,1236.0,418.0,4.0,4.0,13.0,75.0,22.0,102.11413333333334,34.04378890991211,114594.6796875,2.1965136528015137,2.0
195,2026-07-10T19:00:00Z,,Quarter-final,43935,Belgium,BEL,4-2-3-1,400021538,98,151704,98',1.0,5.0,17.0,8.0,2.0,0.0,0.0,1.0,0.0,3.0,1.0,0.0,0.0,4.0,2.0,1.0,2.0,1.0,0.0,27.0,0.0,6.20585298538208,20.03203773498535,0.0,15.0,0.0,1.0,12.0,2.0,339.0,37.0,13.0,0.0,14901.6796875,1555.5999755859375,49829.75,5558.76025390625,44317.8203125,127.0,190.0,2.0,6.0,2.0,6.0,9.0,20.0,40.0,18.0,12.0,16.0,25.0,20.0,0.75,6.0,6.0,13.0,1.0,2.0,,0.0,1.0,0.0,1.0,3.0,0.0,168.0,9.0,27.0,70.0,46.0,32.0,34.0,94.0,22.0,9.0,7.0,11.0,2.0,76.0,39.0,24.0,38.0,89.0,1.0,13.0,1.0,53.0,1.0,0.0,0.0,0.0,51.0,85.0,54.0,104.0,86.0,190.0,1.0,0.0,320.0,254.0,0.0,0.0,15.847517549991608,14.052866399288177,25.106284022331238,2.8331633657217026,6.32762685418129,9.147404879331589,10.631421953439713,2.589252032339573,2.7715690433979034,9.92705300450325,37.573957443237305,1.0825072415173054,27.86470055580139,2.07297932356596,15.911836922168732,3.4307152032852173,9.349752962589264,39.0,0.3098255693912506,72.0,63.0,7.0,20.0,96.0,201.0,116.0,0.0,1305.0,443.0,5.0,5.0,10.0,25.0,15.0,102.11413333333334,32.72817611694336,116163.609375,0.3387722373008728,2.0
196,2026-07-11T21:00:00Z,,Quarter-final,43961,Norway,NOR,4-1-2-3,400021539,99,151706,123',1.0,13.0,14.0,7.0,1.0,0.0,0.0,2.0,0.0,3.0,7.0,0.0,0.0,10.0,3.0,7.0,4.0,3.0,1.0,23.0,0.0,5.877588748931885,20.03105354309082,0.0,13.0,0.0,7.0,18.0,3.0,324.0,56.0,8.0,0.0,16868.4609375,1988.5899658203125,59848.8515625,6203.27978515625,64033.53125,211.0,294.0,4.0,7.0,15.0,16.0,18.0,42.0,33.0,10.0,6.0,12.0,20.0,18.0,0.7142857313156128,6.0,5.0,10.0,1.0,2.0,,0.0,1.0,0.0,3.0,4.0,0.0,174.0,2.0,20.0,61.0,45.0,30.0,39.0,115.0,10.0,3.0,2.0,5.0,3.0,103.0,67.0,52.0,78.0,83.0,1.0,14.0,0.0,50.0,1.0,0.0,0.0,0.0,88.0,163.0,189.0,226.0,214.0,440.0,1.0,0.0,582.0,504.0,0.0,0.0,11.903046071529388,20.520007610321045,39.548686146736145,1.0775650851428509,7.532517611980438,8.841999620199203,17.927978932857513,4.791313782334328,4.424595087766647,4.631483554840088,37.11210787296295,0.5432872101664543,19.929851591587067,3.754274547100067,11.51241734623909,3.1398802995681763,4.055773466825485,69.0,0.4418317973613739,191.0,110.0,4.0,23.0,142.0,426.0,165.0,0.0,1485.0,484.0,6.0,6.0,4.0,45.0,16.0,138.03526666666664,35.09469985961914,148942.71875,0.8660323619842529,1.0
197,2026-07-11T21:00:00Z,,Quarter-final,43942,England,ENG,4-2-3-1,400021539,99,151706,123',1.0,14.0,13.0,4.0,2.0,2.0,1.0,1.0,2.0,2.0,4.0,0.0,2.0,8.0,5.0,4.0,7.0,6.0,2.0,40.0,16.0,5.556423664093018,18.078609466552734,0.0,28.0,14.0,4.0,21.0,8.0,304.0,51.0,10.0,0.0,15792.33984375,1954.010009765625,54391.91796875,5493.55029296875,63161.01953125,215.0,286.0,9.0,8.0,7.0,27.0,30.0,55.0,42.0,8.0,10.0,11.0,27.0,21.0,0.75,5.0,3.0,7.0,2.0,1.0,,0.0,2.0,0.0,2.0,1.0,0.0,191.0,9.0,14.0,59.0,45.0,33.0,36.0,137.0,23.0,15.0,8.0,9.0,5.0,109.0,77.0,61.0,81.0,70.0,3.0,9.0,4.0,46.0,1.0,0.0,0.0,0.0,103.0,144.0,233.0,273.0,207.0,480.0,5.0,0.0,653.0,593.0,0.0,0.0,8.841999620199203,15.20565003156662,39.448243379592896,1.0945639573037624,7.924686372280121,11.903046071529388,20.302163064479828,4.121619835495949,7.870407402515411,2.232271246612072,29.540055990219116,0.49562654457986355,20.132048428058624,3.993486613035202,17.733533680438995,3.9810292422771454,4.645904526114464,30.0,0.4744613468647003,216.0,109.0,13.0,22.0,143.0,514.0,165.0,0.0,1334.0,442.0,6.0,6.0,15.0,55.0,27.0,138.03526666666664,35.17194747924805,140792.84375,1.6425408124923706,0.0
198,2026-07-12T01:00:00Z,,Quarter-final,43922,Argentina,ARG,4-1-3-2,400021537,100,151705,125',2.0,22.0,11.0,5.0,3.0,3.0,3.0,1.0,1.0,4.0,9.0,0.0,1.0,12.0,5.0,11.0,7.0,10.0,2.0,21.0,5.0,5.358380317687988,15.338587760925293,0.0,15.0,5.0,8.0,16.0,7.0,241.0,35.0,17.0,0.0,14940.58984375,2395.58984375,50657.26953125,5414.669921875,63338.07421875,313.0,412.0,19.0,13.0,9.0,14.0,16.0,60.0,39.0,14.0,14.0,21.0,19.0,15.0,0.800000011920929,4.0,4.0,8.0,3.0,1.0,,0.0,2.0,1.0,4.0,4.0,0.0,192.0,8.0,23.0,66.0,39.0,31.0,35.0,110.0,19.0,7.0,1.0,1.0,10.0,107.0,64.0,52.0,66.0,114.0,2.0,6.0,4.0,64.0,1.0,0.0,0.0,0.0,149.0,135.0,152.0,227.0,209.0,436.0,4.0,0.0,716.0,629.0,0.0,0.0,8.653853833675385,22.950494289398193,43.47347319126129,0.6019074469804764,10.268548876047134,15.754051506519318,27.857530117034912,2.7214817702770233,1.6241628676652908,3.427889570593834,29.95484173297882,0.5497502163052559,16.827374696731567,3.578830137848854,13.134889304637909,3.815528377890587,6.222514435648918,41.0,0.5472782254219055,158.0,111.0,8.0,22.0,193.0,512.0,215.0,0.0,1273.0,430.0,6.0,6.0,6.0,64.0,19.0,139.09993333333335,34.976646423339844,136746.1875,1.990911602973938,3.0
199,2026-07-12T01:00:00Z,,Quarter-final,43971,Switzerland,SUI,4-2-3-1,400021537,100,151705,125',1.0,11.0,22.0,7.0,2.0,0.0,0.0,2.0,0.0,2.0,7.0,0.0,0.0,5.0,3.0,4.0,5.0,6.0,2.0,34.0,5.0,5.640228748321533,19.418699264526367,0.0,22.0,2.0,2.0,22.0,4.0,367.0,47.0,13.0,0.0,15521.400390625,2128.2900390625,56762.58984375,5487.64013671875,58136.0703125,167.0,236.0,10.0,9.0,9.0,17.0,13.0,37.0,43.0,18.0,14.0,17.0,31.0,26.0,0.5714285969734192,4.0,4.0,11.0,1.0,3.0,,0.0,1.0,0.0,2.0,4.0,1.0,187.0,10.0,18.0,71.0,48.0,37.0,43.0,112.0,26.0,8.0,5.0,11.0,5.0,90.0,56.0,44.0,57.0,60.0,2.0,9.0,1.0,39.0,1.0,0.0,0.0,0.0,63.0,104.0,110.0,151.0,126.0,277.0,3.0,0.0,476.0,404.0,0.0,0.0,15.754051506519318,12.419555336236954,39.41294550895691,1.6110735014081001,6.080259382724762,8.653853833675385,16.18054509162903,5.4003410041332245,7.136465609073639,5.0044722855091095,40.57253897190094,0.3571674460545182,12.484799325466156,3.1219646334648132,14.975239336490631,3.637448325753212,5.12554794549942,59.0,0.3702150285243988,104.0,94.0,9.0,23.0,140.0,332.0,163.0,1.0,1321.0,434.0,6.0,6.0,7.0,36.0,16.0,139.09993333333335,33.62895965576172,138035.984375,0.4367903470993042,2.0
200,2026-07-14T19:00:00Z,,Semi-final,43946,France,FRA,4-2-3-1,400021541,101,151707,98',0.0,10.0,10.0,2.0,1.0,1.0,1.0,0.0,1.0,2.0,5.0,0.0,0.0,4.0,2.0,6.0,3.0,6.0,1.0,32.0,5.0,6.027759552001953,14.012947082519531,0.0,16.0,3.0,7.0,22.0,3.0,298.0,47.0,12.0,0.0,16039.9697265625,1759.9599609375,44839.26171875,6110.5,45229.58984375,195.0,296.0,5.0,5.0,5.0,28.0,13.0,59.0,51.0,11.0,12.0,17.0,14.0,11.0,0.0,0.0,0.0,8.0,0.0,2.0,,0.0,0.0,0.0,0.0,5.0,0.0,183.0,5.0,14.0,74.0,59.0,48.0,55.0,124.0,19.0,8.0,5.0,11.0,3.0,90.0,57.0,45.0,68.0,94.0,2.0,9.0,1.0,56.0,1.0,0.0,0.0,0.0,78.0,122.0,129.0,195.0,134.0,329.0,4.0,0.0,496.0,417.0,0.0,0.0,11.896763741970062,16.691571474075317,31.1309814453125,0.8069046773016453,10.42344942688942,13.752736151218414,18.979594111442566,6.977324187755585,8.879612386226654,1.246817223727703,13.507719337940216,0.33689893316477537,20.85483819246292,6.220719963312149,22.889794409275055,2.4558458477258682,8.733697235584259,52.0,0.4680182933807373,114.0,105.0,8.0,15.0,168.0,341.0,183.0,0.0,1339.0,472.0,5.0,5.0,6.0,54.0,22.0,103.17625,35.307861328125,113979.28125,0.47804999351501465,2.0
201,2026-07-14T19:00:00Z,,Semi-final,43969,Spain,ESP,4-1-2-3,400021541,101,151707,98',1.0,10.0,10.0,3.0,2.0,1.0,0.0,1.0,1.0,0.0,6.0,1.0,0.0,5.0,2.0,6.0,2.0,5.0,0.0,24.0,2.0,6.083878517150879,11.227865219116211,1.0,20.0,1.0,1.0,8.0,2.0,309.0,54.0,10.0,0.0,14778.33984375,1926.5,46007.66015625,5924.10986328125,46377.390625,208.0,286.0,3.0,6.0,7.0,26.0,9.0,38.0,54.0,12.0,11.0,14.0,23.0,19.0,1.0,4.0,3.0,10.0,2.0,0.0,,0.0,2.0,0.0,1.0,4.0,0.0,183.0,10.0,24.0,77.0,53.0,36.0,43.0,119.0,19.0,9.0,5.0,8.0,1.0,87.0,57.0,39.0,52.0,88.0,3.0,14.0,1.0,48.0,1.0,0.0,0.0,0.0,92.0,217.0,129.0,275.0,163.0,438.0,5.0,0.0,517.0,439.0,1.0,1.0,13.752736151218414,18.324126303195953,27.09597647190094,1.2012659572064877,9.624281525611877,11.896763741970062,10.070669651031494,6.517399102449417,7.728353887796402,4.64058443903923,19.779326021671295,0.9898031130433083,24.082818627357483,6.2018100172281265,17.997436225414276,4.61190864443779,5.289426818490028,48.0,0.45824044942855835,152.0,115.0,7.0,18.0,158.0,347.0,176.0,0.0,1295.0,488.0,5.0,5.0,5.0,46.0,16.0,103.17625,32.91780471801758,115014.0,2.2057039737701416,1.0
202,2026-07-15T19:00:00Z,,Semi-final,43942,England,ENG,4-2-3-1,400021540,102,151708,102',1.0,5.0,15.0,5.0,2.0,0.0,0.0,1.0,0.0,1.0,2.0,0.0,0.0,2.0,1.0,1.0,2.0,3.0,1.0,25.0,2.0,5.599133491516113,17.55900001525879,0.0,12.0,2.0,1.0,15.0,1.0,320.0,40.0,14.0,0.0,13737.23046875,2067.7900390625,41062.609375,4891.77001953125,45894.26953125,120.0,187.0,7.0,3.0,3.0,19.0,14.0,35.0,32.0,11.0,15.0,18.0,17.0,16.0,0.6000000238418579,5.0,3.0,9.0,1.0,2.0,,0.0,1.0,0.0,1.0,4.0,0.0,151.0,8.0,20.0,58.0,32.0,22.0,30.0,89.0,20.0,13.0,8.0,8.0,4.0,73.0,44.0,31.0,41.0,64.0,2.0,8.0,3.0,36.0,1.0,0.0,0.0,0.0,81.0,83.0,136.0,172.0,128.0,300.0,1.0,0.0,353.0,293.0,0.0,0.0,16.85015708208084,11.737781763076782,37.42890954017639,1.257565151900053,7.325717061758041,9.156907349824905,12.534594535827637,4.687350615859032,6.332270056009293,6.1023082584142685,41.95689857006073,0.6734424736350775,16.346025466918945,3.106432594358921,15.434445440769196,3.6222606897354126,7.393327355384827,34.0,0.3521463871002197,112.0,65.0,10.0,19.0,105.0,239.0,124.0,0.0,1154.0,405.0,5.0,5.0,6.0,33.0,19.0,104.96211666666667,36.22447204589844,107653.671875,0.46225377917289734,1.0
203,2026-07-15T19:00:00Z,,Semi-final,43922,Argentina,ARG,4-4-2,400021540,102,151708,102',2.0,15.0,5.0,2.0,1.0,2.0,0.0,4.0,0.0,2.0,6.0,0.0,1.0,7.0,4.0,8.0,5.0,8.0,1.0,26.0,6.0,5.537845611572266,13.452823638916016,0.0,18.0,6.0,6.0,20.0,6.0,188.0,39.0,11.0,0.0,12807.3798828125,1854.25,38949.640625,5405.5302734375,47623.8125,203.0,278.0,10.0,5.0,7.0,14.0,23.0,63.0,39.0,15.0,11.0,12.0,11.0,9.0,0.5,1.0,1.0,3.0,2.0,1.0,,0.0,1.0,1.0,4.0,1.0,0.0,162.0,5.0,10.0,59.0,47.0,40.0,44.0,125.0,14.0,8.0,4.0,6.0,3.0,89.0,70.0,61.0,71.0,71.0,2.0,5.0,2.0,51.0,1.0,0.0,0.0,0.0,100.0,123.0,207.0,221.0,209.0,430.0,3.0,0.0,610.0,549.0,0.0,0.0,9.156907349824905,19.679804146289825,45.53235471248627,0.9227595292031765,10.922721028327942,16.85015708208084,30.079475045204163,5.9091877192258835,5.4955750703811646,1.1768526397645473,24.860861897468567,0.3482254222035408,15.00866711139679,2.2718288004398346,14.372503757476807,4.745901748538017,5.761992931365967,66.0,0.5654822587966919,177.0,107.0,9.0,16.0,134.0,482.0,150.0,0.0,1080.0,419.0,5.0,5.0,9.0,67.0,20.0,104.96211666666667,33.031158447265625,106640.609375,1.4744133949279785,3.0
204,2026-07-18T21:00:00Z,,Bronze final,43946,France,FRA,4-2-3-1,400021542,103,151709,99',4.0,19.0,19.0,11.0,2.0,2.0,0.0,1.0,0.0,4.0,12.0,0.0,0.0,12.0,6.0,8.0,9.0,7.0,3.0,36.0,5.0,5.697649002075195,21.31435775756836,0.0,19.0,5.0,3.0,8.0,1.0,335.0,75.0,7.0,0.0,14285.3701171875,2978.1201171875,38870.91015625,6128.2197265625,45059.94921875,165.0,236.0,11.0,4.0,8.0,19.0,24.0,60.0,30.0,14.0,8.0,10.0,28.0,22.0,0.4000000059604645,4.0,4.0,5.0,4.0,6.0,,0.0,4.0,0.0,0.0,3.0,0.0,141.0,7.0,3.0,35.0,34.0,25.0,25.0,123.0,19.0,16.0,7.0,8.0,4.0,87.0,73.0,61.0,73.0,59.0,6.0,3.0,3.0,50.0,1.0,0.0,0.0,0.0,120.0,127.0,93.0,194.0,146.0,340.0,3.0,0.0,453.0,412.0,0.0,0.0,12.786909937858582,15.053696930408478,29.698628187179565,1.5211009420454502,6.5627701580524445,9.697554260492325,26.28977596759796,13.841153681278229,6.127438694238663,0.3641723655164242,8.826891332864761,0.94222417101264,28.988301753997803,6.046932190656662,22.85243570804596,3.7669088691473007,3.925381973385811,49.0,0.4152798354625702,147.0,120.0,15.0,14.0,112.0,363.0,126.0,0.0,1179.0,469.0,5.0,5.0,7.0,56.0,5.0,102.85145,36.1678352355957,107322.5703125,2.986257553100586,0.0
205,2026-07-18T21:00:00Z,,Bronze final,43942,England,ENG,4-1-2-3,400021542,103,151709,99',3.0,19.0,19.0,9.0,4.0,7.0,2.0,1.0,0.0,0.0,7.0,1.0,1.0,15.0,8.0,5.0,11.0,4.0,3.0,33.0,5.0,5.704403400421143,21.58473777770996,0.0,26.0,5.0,4.0,13.0,5.0,223.0,44.0,13.0,0.0,12218.7294921875,2579.2900390625,39377.44921875,5811.3701171875,47728.328125,212.0,288.0,4.0,7.0,5.0,21.0,11.0,36.0,32.0,8.0,14.0,16.0,26.0,22.0,0.5555555820465088,6.0,5.0,7.0,6.0,4.0,,0.0,4.0,2.0,2.0,3.0,0.0,178.0,11.0,15.0,80.0,63.0,50.0,54.0,132.0,25.0,17.0,10.0,13.0,1.0,73.0,52.0,39.0,46.0,75.0,7.0,6.0,0.0,51.0,1.0,0.0,0.0,0.0,82.0,140.0,131.0,233.0,120.0,353.0,3.0,0.0,535.0,479.0,1.0,1.0,9.697554260492325,15.283313393592834,37.207916378974915,1.798972301185131,10.380151122808456,12.786909937858582,10.060330480337143,3.146251291036606,2.6854615658521652,3.0353929847478867,29.230406880378723,0.7072871550917625,22.51303642988205,2.7139512822031975,21.939510107040405,6.975015997886658,3.477681800723076,50.0,0.5198711156845093,143.0,85.0,14.0,30.0,127.0,404.0,157.0,0.0,1035.0,421.0,5.0,5.0,15.0,44.0,6.0,102.85145,35.04984664916992,107715.171875,2.339029312133789,0.0
206,2026-07-19T19:00:00Z,,Final,43969,Spain,ESP,4-1-2-3,400021543,104,151710,109',1.0,20.0,2.0,0.0,2.0,0.0,0.0,3.0,2.0,2.0,13.0,0.0,0.0,8.0,5.0,6.0,12.0,12.0,7.0,34.0,13.0,5.747295379638672,10.229609489440918,1.0,23.0,13.0,9.0,24.0,4.0,300.0,39.0,23.0,0.0,17684.80078125,1879.179931640625,58692.5625,6533.56005859375,63230.19921875,357.0,457.0,13.0,10.0,12.0,29.0,37.0,74.0,56.0,21.0,23.0,25.0,12.0,9.0,0.0,0.0,0.0,5.0,1.0,0.0,,0.0,1.0,0.0,5.0,2.0,0.0,270.0,11.0,17.0,94.0,76.0,63.0,66.0,205.0,31.0,22.0,8.0,11.0,9.0,145.0,107.0,85.0,108.0,126.0,5.0,8.0,9.0,94.0,1.0,0.0,0.0,0.0,179.0,263.0,163.0,344.0,261.0,605.0,4.0,0.0,878.0,789.0,0.0,0.0,9.030037373304367,15.932722389698029,40.836188197135925,0.3507021348923445,11.940763145685196,16.637255251407623,21.884535253047943,9.624811261892319,12.726202607154846,1.9726090133190155,7.7436767518520355,0.375996227376163,12.901514768600464,4.082903638482094,20.168626308441162,3.1567536294460297,5.687159299850464,25.0,0.6016786694526672,212.0,149.0,18.0,30.0,225.0,652.0,255.0,0.0,1546.0,524.0,6.0,6.0,13.0,75.0,19.0,140.23636666666667,32.647918701171875,148020.296875,2.5172433853149414,0.0
207,2026-07-19T19:00:00Z,,Final,43922,Argentina,ARG,4-4-2,400021543,104,151710,109',0.0,2.0,20.0,12.0,1.0,0.0,0.0,0.0,0.0,0.0,2.0,0.0,0.0,1.0,0.0,1.0,0.0,1.0,0.0,22.0,5.0,5.679676055908203,22.33842658996582,0.0,14.0,5.0,4.0,9.0,1.0,445.0,57.0,21.0,0.0,17820.458984375,2105.969970703125,55808.359375,6292.18017578125,60005.71875,221.0,302.0,5.0,0.0,5.0,15.0,11.0,22.0,54.0,25.0,21.0,25.0,24.0,24.0,0.9166666865348816,11.0,11.0,11.0,0.0,1.0,,0.0,0.0,0.0,0.0,4.0,1.0,198.0,11.0,29.0,91.0,53.0,36.0,51.0,105.0,16.0,5.0,2.0,4.0,1.0,91.0,47.0,29.0,50.0,127.0,2.0,15.0,1.0,72.0,1.0,0.0,0.0,0.0,60.0,124.0,128.0,166.0,146.0,312.0,1.0,0.0,476.0,375.0,0.0,0.0,16.637255251407623,18.40997487306595,28.048625588417053,0.6585700437426567,7.509364187717438,9.030037373304367,4.878723993897438,3.243090957403183,3.80999892950058,7.683701813220978,33.11857283115387,0.5119528155773878,24.504317343235016,3.215613216161728,15.906023979187012,2.3920053616166115,8.049317449331284,74.0,0.32459405064582825,128.0,75.0,6.0,21.0,128.0,308.0,149.0,1.0,1512.0,516.0,6.0,6.0,8.0,25.0,22.0,140.23636666666667,33.73665237426758,142032.6875,0.074648916721344,6.0
